set,lvl,start,end,diff,ptcp,accuracy
1,0,2537,3192,4.92481203007519,22,0
1,1,5283,6039,5.68421052631579,22,0
1,2,7925,8678,5.66165413533835,22,0
1,4,13754,14342,4.42105263157895,22,1
1,6,25810,26527,5.39097744360902,22,0
1,14,50408,51202,5.96992481203007,22,0
1,17,58701,59497,5.98496240601504,22,0
1,18,61461,62208,5.61654135338346,22,0
1,24,79117,79672,4.17293233082707,22,0
1,27,87063,87640,4.33834586466165,22,0
1,28,89610,90373,5.73684210526316,22,0
1,31,97329,97910,4.36842105263158,22,0
1,33,110457,111117,4.96240601503759,22,0
1,34,112939,113583,4.84210526315789,22,0
2,1,121012,121741,5.4812030075188,22,0
2,6,136763,137366,4.53383458646617,22,0
2,7,139072,139864,5.95488721804511,22,0
2,9,144825,145598,5.81203007518797,22,0
2,10,147526,148219,5.21052631578947,22,0
2,11,150891,151537,4.85714285714286,22,0
2,12,153172,153882,5.33834586466165,22,0
2,15,161351,162114,5.73684210526316,22,0
2,18,169469,170134,5,22,0
2,19,171900,172661,5.7218045112782,22,0
2,21,176957,177616,4.95488721804511,22,0
2,23,182360,183054,5.21804511278195,22,0
2,24,184859,185497,4.79699248120301,22,0
2,25,187267,188065,6,22,0
2,26,189885,190628,5.58646616541353,22,0
2,27,192476,193151,5.07518796992481,22,0
2,29,197516,198118,4.52631578947368,22,0
2,30,199960,200679,5.40601503759398,22,0
2,31,202476,203178,5.2781954887218,22,0
2,33,207485,208132,4.86466165413534,22,0
2,34,209839,210491,4.90225563909774,22,0
3,1,217389,217976,4.41353383458647,22,0
3,3,222375,222986,4.59398496240602,22,0
3,4,224760,225368,4.57142857142857,22,0
3,5,227106,227723,4.6390977443609,22,0
3,7,232062,232672,4.58646616541353,22,0
3,9,239334,239903,4.2781954887218,22,0
3,11,245121,245664,4.08270676691729,22,0
3,12,247499,248186,5.16541353383459,22,0
3,13,249974,250756,5.8796992481203,22,0
3,15,255286,255876,4.43609022556391,22,0
3,17,260798,261466,5.02255639097744,22,0
3,18,263280,263975,5.22556390977444,22,0
3,20,268520,269170,4.88721804511278,22,0
3,21,270933,271730,5.99248120300752,22,0
3,22,273483,274035,4.15037593984962,22,0
3,26,283719,284386,5.01503759398496,22,0
3,27,286197,286974,5.84210526315789,22,0
3,28,288626,289230,4.54135338345865,22,0
3,30,299267,299883,4.63157894736842,22,0
3,31,301652,302169,3.88721804511278,22,0
3,32,303863,304643,5.86466165413534,22,0
1,1,6769,7545,5.83458646616541,21,0
1,4,17317,17737,3.15789473684211,21,0
1,5,19650,20086,3.2781954887218,21,0
1,6,21903,22321,3.14285714285714,21,0
1,7,24034,24478,3.33834586466165,21,0
1,9,29812,30335,3.93233082706767,21,0
1,14,51508,52218,5.33834586466165,21,0
1,17,62744,63209,3.49624060150376,21,1
1,19,68386,68818,3.24812030075188,21,0
1,20,71174,71613,3.30075187969925,21,0
1,21,73340,73829,3.67669172932331,21,0
1,22,75637,76190,4.15789473684211,21,0
1,23,78052,78742,5.18796992481203,21,0
1,25,83239,83740,3.76691729323308,21,0
1,26,85730,86253,3.93233082706767,21,0
1,29,95485,95917,3.24812030075188,21,0
1,30,98152,98816,4.99248120300752,21,0
1,31,100576,101008,3.24812030075188,21,0
1,32,102660,103262,4.52631578947368,21,0
1,33,105248,105843,4.47368421052632,21,0
1,34,107699,108399,5.26315789473684,21,1
2,0,113775,114222,3.3609022556391,21,0
2,1,116067,116495,3.21804511278195,21,0
2,3,121603,122034,3.2406015037594,21,0
2,4,124011,124441,3.23308270676692,21,0
2,5,126241,126675,3.26315789473684,21,0
2,6,128697,129130,3.25563909774436,21,0
2,7,131736,132181,3.34586466165414,21,0
2,8,133994,134429,3.27067669172932,21,0
2,9,136181,136697,3.8796992481203,21,0
2,10,138683,139211,3.96992481203007,21,0
2,11,141088,141599,3.84210526315789,21,0
2,12,143522,144065,4.08270676691729,21,0
2,13,146099,146566,3.51127819548872,21,0
2,14,148745,149192,3.3609022556391,21,0
2,15,151357,151820,3.4812030075188,21,0
2,16,153855,154319,3.48872180451128,21,0
2,17,156452,156880,3.21804511278195,21,0
2,18,158953,159425,3.54887218045113,21,0
2,19,161527,161951,3.18796992481203,21,0
2,20,163992,164460,3.5187969924812,21,0
2,21,166391,166871,3.60902255639098,21,0
2,22,168901,169330,3.22556390977444,21,0
2,23,171471,171968,3.73684210526316,21,0
2,24,174101,174555,3.41353383458647,21,0
2,25,176357,176803,3.35338345864662,21,0
2,26,178829,179254,3.19548872180451,21,0
2,27,181017,181493,3.57894736842105,21,0
2,28,183455,183956,3.76691729323308,21,0
2,29,185726,186151,3.19548872180451,21,0
2,31,191305,191762,3.43609022556391,21,0
2,32,193609,194044,3.27067669172932,21,0
2,33,195903,196411,3.81954887218045,21,0
2,34,198405,198984,4.35338345864662,21,1
3,0,204353,204788,3.27067669172932,21,0
3,1,206844,207341,3.73684210526316,21,0
3,2,209261,209769,3.81954887218045,21,1
3,3,211793,212285,3.69924812030075,21,0
3,4,213946,214431,3.64661654135338,21,0
3,5,216094,216561,3.51127819548872,21,0
3,6,218637,219168,3.99248120300752,21,0
3,7,220815,221259,3.33834586466165,21,0
3,8,223044,223471,3.21052631578947,21,0
3,9,225255,225785,3.98496240601504,21,0
3,10,227738,228214,3.57894736842105,21,0
3,12,232918,233379,3.46616541353383,21,0
3,13,235217,235685,3.5187969924812,21,0
3,14,237500,237965,3.49624060150376,21,0
3,15,239875,240311,3.2781954887218,21,0
3,16,242103,242561,3.44360902255639,21,0
3,17,244266,244728,3.47368421052632,21,0
3,18,246873,247354,3.61654135338346,21,0
3,19,249342,249809,3.51127819548872,21,0
3,20,251959,252422,3.4812030075188,21,0
3,21,254415,254922,3.81203007518797,21,0
3,22,256853,257314,3.46616541353383,21,0
3,23,259154,259589,3.27067669172932,21,0
3,24,261489,261968,3.6015037593985,21,0
3,25,263785,264243,3.44360902255639,21,0
3,26,266033,266744,5.34586466165414,21,0
3,27,268572,269031,3.45112781954887,21,0
3,28,270858,271355,3.73684210526316,21,0
3,29,273176,273650,3.56390977443609,21,1
3,30,275529,276074,4.09774436090226,21,0
3,31,281008,281486,3.59398496240602,21,0
3,32,283314,283819,3.79699248120301,21,0
3,33,285700,286185,3.64661654135338,21,0
3,34,287986,288409,3.18045112781955,21,0
1,0,3853,4415,4.22556390977444,20,0
1,1,6661,7256,4.47368421052632,20,0
1,2,9291,9977,5.15789473684211,20,0
1,3,11840,12446,4.55639097744361,20,0
1,4,14526,15316,5.93984962406015,20,0
1,5,17196,17982,5.90977443609023,20,0
1,7,22496,23132,4.78195488721805,20,0
1,8,24972,25647,5.07518796992481,20,0
1,9,27525,28206,5.1203007518797,20,0
1,10,30106,30660,4.16541353383459,20,0
1,11,32415,33048,4.7593984962406,20,0
1,12,34856,35566,5.33834586466165,20,1
1,13,37446,38199,5.66165413533835,20,0
1,14,40047,40529,3.62406015037594,20,0
1,15,42390,42879,3.67669172932331,20,0
1,16,44822,45426,4.54135338345865,20,0
1,17,47101,47752,4.89473684210526,20,0
1,18,49926,50590,4.99248120300752,20,0
1,22,61789,62298,3.82706766917293,20,0
1,24,66855,67433,4.34586466165414,20,0
1,26,72474,72978,3.78947368421053,20,0
1,27,74683,75201,3.89473684210526,20,0
1,28,77494,77988,3.71428571428571,20,0
1,29,79832,80483,4.89473684210526,20,0
1,30,82538,83209,5.04511278195489,20,0
1,31,85307,85966,4.95488721804511,20,0
1,32,87744,88306,4.22556390977444,20,0
1,33,90521,91147,4.70676691729323,20,0
1,34,92953,93561,4.57142857142857,20,0
2,0,103041,103674,4.7593984962406,20,0
2,1,105541,106205,4.99248120300752,20,0
2,3,110713,111407,5.21804511278195,20,0
2,4,113192,113832,4.81203007518797,20,1
2,5,NaN,116666,NaN,20,0
2,6,118375,119006,4.74436090225564,20,0
2,7,120759,121285,3.95488721804511,20,0
2,8,123140,123748,4.57142857142857,20,0
2,9,125563,126140,4.33834586466165,20,0
2,10,127946,128551,4.54887218045113,20,0
2,11,130404,131027,4.68421052631579,20,0
2,12,132815,133342,3.96240601503759,20,0
2,13,135740,136397,4.93984962406015,20,0
2,15,140688,141307,4.65413533834586,20,1
2,16,NaN,143760,NaN,20,0
2,18,148214,148924,5.33834586466165,20,0
2,19,150792,151457,5,20,0
2,20,153296,153828,4,20,0
2,21,155687,156390,5.28571428571429,20,0
2,23,160852,161422,4.28571428571429,20,0
2,24,163271,163795,3.93984962406015,20,0
2,25,165658,166231,4.30827067669173,20,0
2,26,168052,168561,3.82706766917293,20,0
2,27,170387,170873,3.65413533834586,20,0
2,28,173230,173739,3.82706766917293,20,0
2,29,175618,176105,3.66165413533835,20,0
2,30,178954,179502,4.1203007518797,20,0
2,31,182340,182930,4.43609022556391,20,0
2,32,185143,185839,5.23308270676692,20,0
2,33,187593,188065,3.54887218045113,20,0
2,34,189913,190475,4.22556390977444,20,0
3,0,195820,196290,3.53383458646617,20,0
3,1,198036,198567,3.99248120300752,20,0
3,2,200332,200892,4.21052631578947,20,0
3,3,203057,203524,3.51127819548872,20,0
3,4,205317,205890,4.30827067669173,20,0
3,5,207660,208127,3.51127819548872,20,0
3,6,209984,210427,3.33082706766917,20,0
3,7,212214,212646,3.24812030075188,20,0
3,8,214345,214780,3.27067669172932,20,0
3,9,217276,217729,3.40601503759398,20,0
3,10,219688,220181,3.70676691729323,20,0
3,11,222041,222533,3.69924812030075,20,0
3,12,224714,225285,4.29323308270677,20,0
3,13,227211,227705,3.71428571428571,20,1
3,14,NaN,230151,NaN,20,0
3,15,232808,233246,3.29323308270677,20,0
3,16,234978,235577,4.50375939849624,20,0
3,17,238189,238732,4.08270676691729,20,0
3,18,240478,241126,4.87218045112782,20,0
3,19,242789,243216,3.21052631578947,20,0
3,20,244889,245387,3.74436090225564,20,0
3,21,247161,247693,4,20,0
3,22,249436,250024,4.42105263157895,20,0
3,23,251786,252234,3.36842105263158,20,0
3,24,254022,254468,3.35338345864662,20,0
3,25,256109,256544,3.27067669172932,20,0
3,26,258267,258692,3.19548872180451,20,0
3,27,260523,261163,4.81203007518797,20,0
3,28,262899,263414,3.87218045112782,20,0
3,29,265476,265967,3.69172932330827,20,0
3,30,267761,268296,4.02255639097744,20,0
3,31,269946,270447,3.76691729323308,20,0
3,32,272321,272787,3.50375939849624,20,0
3,33,274591,275101,3.83458646616541,20,0
3,34,277171,277675,3.78947368421053,20,0
1,0,2361,2929,4.27067669172932,19,0
1,1,4588,5117,3.97744360902256,19,0
1,2,6889,7408,3.90225563909774,19,0
1,3,9354,9905,4.14285714285714,19,0
1,4,12436,13208,5.80451127819549,19,0
1,5,15578,16235,4.93984962406015,19,0
1,6,18262,18866,4.54135338345865,19,0
1,7,20576,21092,3.8796992481203,19,0
1,8,23880,24400,3.90977443609023,19,0
1,9,26422,26983,4.21804511278195,19,0
1,10,28873,29400,3.96240601503759,19,1
1,11,31447,32100,4.90977443609023,19,0
1,12,33815,34498,5.13533834586466,19,0
1,13,36170,36926,5.68421052631579,19,0
1,14,38646,39252,4.55639097744361,19,1
1,15,41462,42057,4.47368421052632,19,0
1,16,44027,44688,4.96992481203007,19,0
1,17,46854,47479,4.69924812030075,19,0
1,18,49129,49720,4.44360902255639,19,0
1,19,51396,51916,3.90977443609023,19,0
1,20,53811,54322,3.84210526315789,19,0
1,21,56067,56635,4.27067669172932,19,0
1,23,64189,64783,4.46616541353383,19,0
1,24,67250,67693,3.33082706766917,19,0
1,25,69340,69886,4.10526315789474,19,0
1,26,71596,72100,3.78947368421053,19,0
1,27,73833,74306,3.55639097744361,19,0
1,28,76097,76622,3.94736842105263,19,1
1,29,78581,79072,3.69172932330827,19,0
1,30,80892,81371,3.6015037593985,19,0
1,31,83046,83491,3.34586466165414,19,0
1,32,85194,85700,3.80451127819549,19,0
1,33,88101,88610,3.82706766917293,19,0
1,34,90578,91080,3.77443609022556,19,0
2,1,108202,108682,3.60902255639098,19,0
2,2,110455,110929,3.56390977443609,19,0
2,3,112803,113255,3.3984962406015,19,0
2,4,114941,115380,3.30075187969925,19,0
2,5,117550,117978,3.21804511278195,19,0
2,6,119833,120376,4.08270676691729,19,0
2,8,129882,130372,3.68421052631579,19,0
2,9,132917,133352,3.27067669172932,19,0
2,10,135168,135601,3.25563909774436,19,0
2,11,137356,137842,3.65413533834586,19,0
2,12,140139,140617,3.59398496240602,19,0
2,13,145352,145906,4.16541353383459,19,0
2,14,147979,148412,3.25563909774436,19,0
2,15,150073,150554,3.61654135338346,19,1
2,16,152870,153476,4.55639097744361,19,0
2,17,156329,156858,3.97744360902256,19,0
2,18,159022,159573,4.14285714285714,19,0
2,19,162935,163466,3.99248120300752,19,0
2,20,169710,170211,3.76691729323308,19,0
2,21,172406,173016,4.58646616541353,19,0
2,22,176411,176842,3.2406015037594,19,0
2,23,178570,179046,3.57894736842105,19,0
2,24,180843,181278,3.27067669172932,19,0
2,25,183980,184422,3.32330827067669,19,0
2,27,191404,191932,3.96992481203007,19,0
2,28,193681,194139,3.44360902255639,19,0
2,29,195995,196436,3.31578947368421,19,0
2,30,198230,198743,3.85714285714286,19,0
2,31,200498,201022,3.93984962406015,19,0
2,32,205144,205625,3.61654135338346,19,0
2,33,207855,208287,3.24812030075188,19,0
2,34,209917,210380,3.4812030075188,19,0
3,0,214375,214822,3.3609022556391,19,0
3,1,216568,217105,4.03759398496241,19,0
3,2,218826,219338,3.84962406015038,19,0
3,3,220998,221474,3.57894736842105,19,0
3,4,223363,223891,3.96992481203007,19,0
3,5,225935,226364,3.22556390977444,19,0
3,6,228123,228633,3.83458646616541,19,0
3,7,230745,231175,3.23308270676692,19,0
3,8,234416,234850,3.26315789473684,19,0
3,9,237020,237449,3.22556390977444,19,0
3,10,240799,241261,3.47368421052632,19,1
3,11,244237,244704,3.51127819548872,19,0
3,12,247990,248545,4.17293233082707,19,1
3,13,250820,251281,3.46616541353383,19,0
3,14,253069,253516,3.3609022556391,19,0
3,15,255801,256268,3.51127819548872,19,0
3,16,258077,258670,4.45864661654135,19,0
3,17,260429,260907,3.59398496240602,19,1
3,18,262728,263158,3.23308270676692,19,0
3,19,265045,265465,3.15789473684211,19,0
3,20,267879,268319,3.30827067669173,19,1
3,21,270378,270834,3.42857142857143,19,0
3,22,273040,273509,3.52631578947368,19,0
3,23,275143,275580,3.28571428571429,19,0
3,24,277492,278028,4.03007518796993,19,0
3,25,281462,282008,4.10526315789474,19,0
3,26,284142,284581,3.30075187969925,19,0
3,27,286236,286854,4.64661654135338,19,0
3,28,288534,289176,4.82706766917293,19,0
3,29,291379,291954,4.32330827067669,19,0
3,30,294739,295167,3.21804511278195,19,0
3,32,302805,303269,3.48872180451128,19,0
3,33,305948,306388,3.30827067669173,19,0
3,34,310475,311035,4.21052631578947,19,0
1,0,2169,2857,5.17293233082707,18,0
1,1,5904,6585,5.1203007518797,18,0
1,2,8360,8878,3.89473684210526,18,0
1,3,10510,11073,4.23308270676692,18,0
1,4,14284,14900,4.63157894736842,18,0
1,5,18586,19171,4.3984962406015,18,0
1,6,25800,26304,3.78947368421053,18,0
1,7,28368,28958,4.43609022556391,18,0
1,8,30599,31052,3.40601503759398,18,0
1,10,37271,37727,3.42857142857143,18,1
1,11,NaN,41185,NaN,18,0
1,14,52174,52755,4.36842105263158,18,0
1,15,55188,55766,4.34586466165414,18,0
1,16,58529,59081,4.15037593984962,18,0
1,17,63193,63639,3.35338345864662,18,1
1,18,NaN,65926,NaN,18,0
1,19,68488,69169,5.1203007518797,18,0
1,20,71487,72026,4.05263157894737,18,0
1,22,77702,78241,4.05263157894737,18,0
1,23,80152,80612,3.45864661654135,18,1
1,24,NaN,82948,NaN,18,0
1,27,90615,91320,5.30075187969925,18,0
1,28,93585,94022,3.28571428571429,18,1
1,29,NaN,97455,NaN,18,0
1,30,99081,99622,4.06766917293233,18,0
1,33,108114,108614,3.7593984962406,18,0
1,34,110697,111291,4.46616541353383,18,0
2,0,115879,116437,4.19548872180451,18,0
2,2,NaN,122370,NaN,18,0
2,3,124025,124797,5.80451127819549,18,0
2,4,126635,127277,4.82706766917293,18,1
2,5,NaN,129895,NaN,18,0
2,6,131829,132371,4.07518796992481,18,0
2,7,134820,135380,4.21052631578947,18,0
2,8,138901,139414,3.85714285714286,18,0
2,9,141940,142524,4.39097744360902,18,0
2,10,144637,145121,3.6390977443609,18,0
2,11,146827,147255,3.21804511278195,18,0
2,12,149844,150566,5.42857142857143,18,0
2,14,158932,159447,3.87218045112782,18,0
2,15,161293,161739,3.35338345864662,18,0
2,16,165610,166290,5.11278195488722,18,0
2,17,168300,169029,5.4812030075188,18,0
2,18,170893,171474,4.36842105263158,18,0
2,19,173280,173781,3.76691729323308,18,0
2,20,176224,176658,3.26315789473684,18,0
2,21,179873,180312,3.30075187969925,18,0
2,22,182441,182862,3.16541353383459,18,0
2,23,184682,185164,3.62406015037594,18,0
2,24,186866,187406,4.06015037593985,18,0
2,26,222206,222741,4.02255639097744,18,0
2,27,224607,225061,3.41353383458647,18,0
2,28,227254,227872,4.64661654135338,18,0
2,29,230765,231430,5,18,1
2,30,NaN,235258,NaN,18,0
2,31,237232,237720,3.66917293233083,18,0
2,32,241064,241705,4.81954887218045,18,0
2,33,245401,245942,4.06766917293233,18,1
2,34,NaN,249905,NaN,18,0
3,0,256567,257018,3.39097744360902,18,0
3,1,259430,260009,4.35338345864662,18,0
3,2,262153,262614,3.46616541353383,18,0
3,3,264331,264894,4.23308270676692,18,1
3,4,NaN,278974,NaN,18,0
3,5,285246,285776,3.98496240601504,18,0
3,6,288097,288779,5.12781954887218,18,0
3,7,291006,291488,3.62406015037594,18,0
3,8,294864,295283,3.15037593984962,18,0
3,9,297021,297504,3.63157894736842,18,0
3,10,299134,299565,3.2406015037594,18,0
3,11,301379,301813,3.26315789473684,18,0
3,12,304403,304856,3.40601503759398,18,0
3,13,306486,306909,3.18045112781955,18,0
3,14,308604,309113,3.82706766917293,18,1
3,15,NaN,316201,NaN,18,0
3,16,318095,318542,3.3609022556391,18,0
3,17,320160,320703,4.08270676691729,18,0
3,18,322394,322838,3.33834586466165,18,0
3,19,325031,325492,3.46616541353383,18,0
3,20,327348,328084,5.53383458646617,18,0
3,21,330031,330466,3.27067669172932,18,0
3,22,332362,332881,3.90225563909774,18,0
3,23,334628,335220,4.45112781954887,18,0
3,25,342048,342555,3.81203007518797,18,0
3,26,344221,344803,4.37593984962406,18,1
3,27,NaN,347128,NaN,18,0
3,28,348838,349280,3.32330827067669,18,1
3,29,NaN,351517,NaN,18,0
3,30,355811,356265,3.41353383458647,18,1
3,32,360800,361252,3.3984962406015,18,0
3,33,363475,364020,4.09774436090226,18,1
3,34,366021,366560,4.05263157894737,18,0
1,3,22053,22726,5.06015037593985,17,0
1,4,25211,25850,4.80451127819549,17,0
1,5,NaN,28489,NaN,17,0
1,6,30219,30740,3.91729323308271,17,0
1,9,40223,40746,3.93233082706767,17,0
1,10,42515,43120,4.54887218045113,17,0
1,11,45195,45732,4.03759398496241,17,1
1,12,47446,47940,3.71428571428571,17,0
1,14,56637,57083,3.35338345864662,17,1
1,16,65608,66171,4.23308270676692,17,0
1,17,68009,68581,4.30075187969925,17,0
1,18,70248,70826,4.34586466165414,17,0
1,19,72576,73060,3.6390977443609,17,0
1,20,74799,75386,4.41353383458647,17,0
1,21,77106,77636,3.98496240601504,17,0
1,22,NaN,79777,NaN,17,0
1,23,81436,82062,4.70676691729323,17,1
1,24,83708,84191,3.63157894736842,17,0
1,25,86547,87032,3.64661654135338,17,0
1,26,88750,89258,3.81954887218045,17,0
1,27,91005,91491,3.65413533834586,17,0
1,28,93306,93887,4.36842105263158,17,0
1,29,NaN,96078,NaN,17,0
1,30,97761,98281,3.90977443609023,17,0
1,31,99989,100424,3.27067669172932,17,0
1,32,102118,102561,3.33082706766917,17,0
1,33,104296,104762,3.50375939849624,17,0
1,34,106479,107020,4.06766917293233,17,0
2,0,110958,111389,3.2406015037594,17,0
2,1,113113,113567,3.41353383458647,17,0
2,2,115328,115810,3.62406015037594,17,0
2,3,117476,117953,3.58646616541353,17,0
2,4,119672,120106,3.26315789473684,17,0
2,5,121951,122385,3.26315789473684,17,0
2,6,124283,124728,3.34586466165414,17,0
2,7,126362,126800,3.29323308270677,17,0
2,8,NaN,128884,NaN,17,0
2,9,130740,131175,3.27067669172932,17,0
2,10,132864,133308,3.33834586466165,17,0
2,11,135082,135524,3.32330827067669,17,0
2,13,139869,140303,3.26315789473684,17,0
2,14,142193,142624,3.2406015037594,17,0
2,15,144427,144872,3.34586466165414,17,0
2,16,146581,147020,3.30075187969925,17,0
2,17,148757,149192,3.27067669172932,17,1
2,18,150822,151255,3.25563909774436,17,0
2,19,153002,153459,3.43609022556391,17,0
2,20,156051,156496,3.34586466165414,17,0
2,21,158227,158665,3.29323308270677,17,0
2,22,162288,162723,3.27067669172932,17,0
2,24,171200,171665,3.49624060150376,17,0
2,25,173900,174348,3.36842105263158,17,0
2,26,176137,176608,3.54135338345865,17,0
2,27,NaN,179235,NaN,17,0
2,28,180938,181385,3.3609022556391,17,0
2,29,189406,189851,3.34586466165414,17,1
2,30,191523,191991,3.5187969924812,17,0
2,31,NaN,194140,NaN,17,0
2,32,195871,196312,3.31578947368421,17,0
2,33,203999,204454,3.42105263157895,17,0
2,34,206218,206695,3.58646616541353,17,0
3,0,210434,210878,3.33834586466165,17,0
3,1,212505,212939,3.26315789473684,17,0
3,2,214726,215168,3.32330827067669,17,0
3,3,216938,217437,3.75187969924812,17,1
3,4,219156,219594,3.29323308270677,17,0
3,5,221301,221779,3.59398496240602,17,0
3,6,224367,224803,3.2781954887218,17,0
3,7,226446,226891,3.34586466165414,17,0
3,8,229196,229639,3.33082706766917,17,0
3,9,231305,231757,3.3984962406015,17,0
3,10,233377,233822,3.34586466165414,17,0
3,11,NaN,237623,NaN,17,0
3,12,241247,241688,3.31578947368421,17,0
3,13,244556,245040,3.6390977443609,17,1
3,14,250372,250839,3.51127819548872,17,0
3,15,252552,253033,3.61654135338346,17,0
3,16,255456,255913,3.43609022556391,17,0
3,17,270462,270910,3.36842105263158,17,0
3,18,272870,273306,3.2781954887218,17,0
3,19,275114,275554,3.30827067669173,17,0
3,20,281367,281818,3.39097744360902,17,0
3,21,283560,284031,3.54135338345865,17,0
3,22,287557,287995,3.29323308270677,17,0
3,23,290093,290537,3.33834586466165,17,0
3,24,293294,293739,3.34586466165414,17,0
3,25,295373,295816,3.33082706766917,17,0
3,26,298975,299405,3.23308270676692,17,0
3,27,301230,301680,3.38345864661654,17,0
3,28,305345,305782,3.28571428571429,17,0
3,29,308030,308476,3.35338345864662,17,0
3,30,311019,311453,3.26315789473684,17,0
3,31,313248,313683,3.27067669172932,17,0
3,32,319727,320167,3.30827067669173,17,0
3,33,322311,322758,3.3609022556391,17,0
3,34,324906,325344,3.29323308270677,17,0
1,9,NaN,39365,NaN,16,0
1,12,48687,49271,4.39097744360902,16,0
1,13,53223,54011,5.92481203007519,16,1
1,14,NaN,57595,NaN,16,0
1,17,65803,66584,5.87218045112782,16,0
1,18,68370,68995,4.69924812030075,16,0
1,19,70872,71312,3.30827067669173,16,0
1,21,75756,76191,3.27067669172932,16,0
1,22,79483,79969,3.65413533834586,16,0
1,23,81684,82122,3.29323308270677,16,0
1,24,83798,84242,3.33834586466165,16,0
1,26,89814,90257,3.33082706766917,16,1
1,27,NaN,92823,NaN,16,0
1,28,94533,95083,4.13533834586466,16,0
1,29,97331,97861,3.98496240601504,16,0
1,30,100289,100729,3.30827067669173,16,0
1,31,102401,102917,3.8796992481203,16,1
1,32,NaN,106058,NaN,16,0
1,33,108238,108809,4.29323308270677,16,0
1,34,110501,111135,4.76691729323308,16,1
2,0,114896,115384,3.66917293233083,16,0
2,1,117221,117800,4.35338345864662,16,1
2,2,NaN,119961,NaN,16,0
2,3,122106,122687,4.36842105263158,16,1
2,4,NaN,125371,NaN,16,0
2,5,127165,127836,5.04511278195489,16,0
2,6,129555,130001,3.35338345864662,16,0
2,7,131749,132380,4.74436090225564,16,0
2,8,134064,134578,3.86466165413534,16,0
2,9,136453,136926,3.55639097744361,16,0
2,10,139910,140509,4.50375939849624,16,0
2,11,142159,142818,4.95488721804511,16,0
2,12,144456,145018,4.22556390977444,16,0
2,13,147003,147445,3.32330827067669,16,0
2,14,149900,150454,4.16541353383459,16,0
2,15,152248,152756,3.81954887218045,16,0
2,16,154488,154980,3.69924812030075,16,0
2,17,157230,157782,4.15037593984962,16,0
2,18,160176,160951,5.82706766917293,16,0
2,19,162693,163180,3.66165413533835,16,0
2,20,166360,166828,3.5187969924812,16,0
2,21,169160,169597,3.28571428571429,16,0
2,22,171659,172122,3.4812030075188,16,0
2,23,173875,174336,3.46616541353383,16,0
2,24,176303,176792,3.67669172932331,16,0
2,25,179136,179560,3.18796992481203,16,0
2,26,184792,185235,3.33082706766917,16,0
2,27,187810,188233,3.18045112781955,16,0
2,28,189949,190413,3.48872180451128,16,0
2,31,198666,199169,3.78195488721805,16,0
2,32,200907,201343,3.2781954887218,16,0
2,34,NaN,206496,NaN,16,0
3,0,210661,211090,3.22556390977444,16,0
3,1,214104,214537,3.25563909774436,16,0
3,2,216315,216738,3.18045112781955,16,0
3,5,225006,225427,3.16541353383459,16,0
3,6,227228,227660,3.24812030075188,16,0
3,7,229790,230213,3.18045112781955,16,0
3,8,232462,232886,3.18796992481203,16,0
3,9,235148,235577,3.22556390977444,16,0
3,10,239028,239656,4.7218045112782,16,0
3,12,NaN,245371,NaN,16,0
3,13,247337,247849,3.84962406015038,16,0
3,14,249538,249960,3.17293233082707,16,0
3,15,251892,252316,3.18796992481203,16,0
3,16,253983,254527,4.09022556390977,16,0
3,17,256249,256711,3.47368421052632,16,0
3,19,262709,263133,3.18796992481203,16,0
3,20,264884,265304,3.15789473684211,16,0
3,21,268816,269295,3.6015037593985,16,0
3,22,271273,271745,3.54887218045113,16,0
3,23,273658,274081,3.18045112781955,16,0
3,24,275815,276313,3.74436090225564,16,0
3,25,278074,278604,3.98496240601504,16,0
3,27,284784,285450,5.00751879699248,16,0
3,28,287585,288302,5.39097744360902,16,0
3,29,290294,290761,3.51127819548872,16,0
3,30,292423,292880,3.43609022556391,16,0
3,31,295853,296276,3.18045112781955,16,0
3,32,299115,299577,3.47368421052632,16,1
3,33,NaN,303470,NaN,16,0
1,0,2439,3062,4.68421052631579,15,0
1,1,4904,5504,4.51127819548872,15,0
1,2,7330,7903,4.30827067669173,15,0
1,3,9773,10352,4.35338345864662,15,0
1,4,12992,13672,5.11278195488722,15,1
1,5,NaN,16082,NaN,15,0
1,6,17878,18439,4.21804511278195,15,0
1,7,20302,20820,3.89473684210526,15,0
1,8,22683,23192,3.82706766917293,15,0
1,9,24916,25444,3.96992481203007,15,0
1,11,31524,31995,3.54135338345865,15,0
1,12,33918,34503,4.3984962406015,15,0
1,13,36305,36763,3.44360902255639,15,0
1,14,38489,39131,4.82706766917293,15,0
1,15,41019,41576,4.18796992481203,15,0
1,16,43446,44006,4.21052631578947,15,0
1,17,45875,46399,3.93984962406015,15,0
1,18,48054,48506,3.3984962406015,15,0
1,19,51160,51691,3.99248120300752,15,0
1,20,53488,54011,3.93233082706767,15,0
1,21,55800,56283,3.63157894736842,15,0
1,22,58090,58618,3.96992481203007,15,0
1,24,63521,63996,3.57142857142857,15,0
1,25,65788,66271,3.63157894736842,15,0
1,26,68036,68586,4.13533834586466,15,0
1,27,73008,73501,3.70676691729323,15,0
1,28,75930,76385,3.42105263157895,15,0
1,29,78816,79434,4.64661654135338,15,0
1,30,81318,81785,3.51127819548872,15,0
1,31,83612,84276,4.99248120300752,15,0
1,32,86072,86574,3.77443609022556,15,0
1,34,91650,92127,3.58646616541353,15,0
2,0,96000,96533,4.00751879699248,15,0
2,1,98459,98924,3.49624060150376,15,0
2,2,100770,101297,3.96240601503759,15,0
2,3,103146,103657,3.84210526315789,15,0
2,4,105468,105912,3.33834586466165,15,0
2,5,107726,108223,3.73684210526316,15,0
2,6,109951,110488,4.03759398496241,15,0
2,7,112485,113019,4.01503759398496,15,0
2,8,115181,115713,4,15,0
2,9,117672,118124,3.3984962406015,15,0
2,10,120715,121230,3.87218045112782,15,0
2,11,123033,123477,3.33834586466165,15,0
2,12,125320,125837,3.88721804511278,15,0
2,13,127621,128175,4.16541353383459,15,0
2,14,130553,131098,4.09774436090226,15,0
2,15,133036,133552,3.8796992481203,15,0
2,16,135427,135957,3.98496240601504,15,0
2,17,139073,139613,4.06015037593985,15,0
2,18,141342,141870,3.96992481203007,15,0
2,19,143749,144261,3.84962406015038,15,0
2,20,146804,147308,3.78947368421053,15,0
2,21,149168,149648,3.60902255639098,15,0
2,22,151518,152023,3.79699248120301,15,0
2,23,153842,154340,3.74436090225564,15,0
2,25,159223,159784,4.21804511278195,15,1
2,26,NaN,162140,NaN,15,0
2,27,163953,164422,3.52631578947368,15,0
2,28,166181,166736,4.17293233082707,15,0
2,29,168504,168954,3.38345864661654,15,0
2,30,170728,171267,4.05263157894737,15,0
2,31,173032,173534,3.77443609022556,15,0
2,32,175300,175810,3.83458646616541,15,0
2,33,177639,178156,3.88721804511278,15,0
2,34,180449,180917,3.5187969924812,15,0
3,1,187433,187895,3.47368421052632,15,0
3,2,189645,190097,3.3984962406015,15,1
3,3,NaN,192522,NaN,15,0
3,4,194244,194710,3.50375939849624,15,0
3,5,196737,197298,4.21804511278195,15,0
3,6,199384,199880,3.72932330827068,15,0
3,7,201666,202163,3.73684210526316,15,0
3,8,204235,204760,3.94736842105263,15,0
3,9,206571,207116,4.09774436090226,15,0
3,10,208848,209360,3.84962406015038,15,0
3,11,211249,211837,4.42105263157895,15,0
3,12,213640,214180,4.06015037593985,15,0
3,13,216033,216588,4.17293233082707,15,0
3,14,218614,219180,4.25563909774436,15,0
3,15,221036,221599,4.23308270676692,15,0
3,16,223411,223950,4.05263157894737,15,0
3,17,225741,226190,3.37593984962406,15,0
3,18,228112,228544,3.24812030075188,15,0
3,19,230405,230952,4.11278195488722,15,0
3,20,233452,233978,3.95488721804511,15,0
3,21,235746,236273,3.96240601503759,15,0
3,22,238171,238621,3.38345864661654,15,0
3,23,240470,240983,3.85714285714286,15,0
3,24,242830,243322,3.69924812030075,15,0
3,25,245198,245704,3.80451127819549,15,0
3,26,247469,247974,3.79699248120301,15,0
3,27,249700,250200,3.7593984962406,15,0
3,28,252091,252638,4.11278195488722,15,0
3,29,254363,254878,3.87218045112782,15,0
3,30,257137,257668,3.99248120300752,15,0
3,31,259497,259936,3.30075187969925,15,0
3,32,261709,262195,3.65413533834586,15,1
3,33,NaN,264570,NaN,15,0
3,34,266319,266818,3.75187969924812,15,0
1,0,1894,2365,3.54135338345865,14,0
1,1,4102,4528,3.20300751879699,14,0
1,2,6264,6739,3.57142857142857,14,1
1,4,14029,14452,3.18045112781955,14,0
1,5,16380,16817,3.28571428571429,14,0
1,6,18873,19297,3.18796992481203,14,0
1,7,21100,21526,3.20300751879699,14,0
1,8,23178,23603,3.19548872180451,14,0
1,9,25312,25743,3.2406015037594,14,0
1,10,27439,27882,3.33082706766917,14,0
1,11,29564,29989,3.19548872180451,14,0
1,12,32032,32460,3.21804511278195,14,0
1,13,34285,34712,3.21052631578947,14,0
1,15,42601,43030,3.22556390977444,14,0
1,16,44705,45132,3.21052631578947,14,0
1,17,46812,47240,3.21804511278195,14,0
1,18,48940,49362,3.17293233082707,14,0
1,19,51361,51787,3.20300751879699,14,0
1,20,53492,53931,3.30075187969925,14,0
1,21,55536,55963,3.21052631578947,14,0
1,22,57657,58088,3.2406015037594,14,0
1,23,59920,60644,5.44360902255639,14,0
1,24,62368,62797,3.22556390977444,14,0
1,25,64811,65241,3.23308270676692,14,0
1,26,67129,67567,3.29323308270677,14,0
1,27,69338,69768,3.23308270676692,14,0
1,28,71520,71942,3.17293233082707,14,0
1,29,73655,74229,4.31578947368421,14,1
1,30,76123,76857,5.5187969924812,14,0
1,31,78942,79714,5.80451127819549,14,0
1,33,88217,88949,5.50375939849624,14,0
1,34,90734,91171,3.28571428571429,14,0
2,0,94929,95360,3.2406015037594,14,0
2,1,97164,97658,3.71428571428571,14,0
2,2,99444,99873,3.22556390977444,14,0
2,3,101476,101902,3.20300751879699,14,0
2,4,104018,104469,3.39097744360902,14,0
2,5,106092,106530,3.29323308270677,14,0
2,6,108154,108590,3.2781954887218,14,0
2,7,111010,111436,3.20300751879699,14,0
2,8,113106,113534,3.21804511278195,14,0
2,9,115571,116010,3.30075187969925,14,0
2,10,117752,118183,3.2406015037594,14,0
2,11,119870,120307,3.28571428571429,14,0
2,12,122116,122542,3.20300751879699,14,0
2,13,124654,125086,3.24812030075188,14,0
2,14,126780,127207,3.21052631578947,14,0
2,15,128856,129286,3.23308270676692,14,0
2,16,131046,131475,3.22556390977444,14,0
2,17,133454,133883,3.22556390977444,14,0
2,18,135940,136382,3.32330827067669,14,0
2,19,138366,138795,3.22556390977444,14,0
2,20,140974,141406,3.24812030075188,14,0
2,21,143109,143540,3.2406015037594,14,0
2,22,145591,146019,3.21804511278195,14,0
2,23,148176,148617,3.31578947368421,14,0
2,24,150303,150736,3.25563909774436,14,0
2,25,152385,152808,3.18045112781955,14,0
2,26,154606,155030,3.18796992481203,14,0
2,27,156907,157330,3.18045112781955,14,0
2,28,159162,159601,3.30075187969925,14,0
2,29,161270,161705,3.27067669172932,14,0
2,30,163641,164068,3.21052631578947,14,0
2,31,166351,166775,3.18796992481203,14,0
2,32,168444,168870,3.20300751879699,14,0
2,33,170589,171035,3.35338345864662,14,0
2,34,172782,173205,3.18045112781955,14,0
3,0,177186,177632,3.35338345864662,14,0
3,1,179346,179769,3.18045112781955,14,0
3,2,181515,181939,3.18796992481203,14,0
3,3,183864,184285,3.16541353383459,14,0
3,4,186323,186749,3.20300751879699,14,0
3,5,188754,189185,3.2406015037594,14,0
3,6,191256,191681,3.19548872180451,14,0
3,7,193360,193793,3.25563909774436,14,0
3,8,195614,196114,3.7593984962406,14,0
3,9,199409,199833,3.18796992481203,14,0
3,10,201916,202341,3.19548872180451,14,0
3,11,204056,204500,3.33834586466165,14,0
3,12,206174,206609,3.27067669172932,14,0
3,13,208473,208908,3.27067669172932,14,0
3,14,210631,211096,3.49624060150376,14,0
3,15,212901,213431,3.98496240601504,14,1
3,16,NaN,216098,NaN,14,0
3,17,218039,218471,3.24812030075188,14,0
3,18,220241,220664,3.18045112781955,14,0
3,19,224044,224479,3.27067669172932,14,0
3,20,226377,226843,3.50375939849624,14,0
3,21,228698,229126,3.21804511278195,14,0
3,22,230827,231270,3.33082706766917,14,0
3,23,233446,233876,3.23308270676692,14,0
3,24,236976,237402,3.20300751879699,14,0
3,25,239089,239519,3.23308270676692,14,0
3,26,241326,241756,3.23308270676692,14,0
3,27,243486,243922,3.2781954887218,14,0
3,28,245953,246388,3.27067669172932,14,0
3,29,248728,249237,3.82706766917293,14,0
3,30,250954,251422,3.5187969924812,14,0
3,31,253126,253579,3.40601503759398,14,0
3,32,255298,255760,3.47368421052632,14,0
3,33,257529,257954,3.19548872180451,14,0
3,34,259675,260106,3.2406015037594,14,0
1,0,2397,3066,5.03007518796993,13,0
1,1,4946,5524,4.34586466165414,13,0
1,2,7800,8450,4.88721804511278,13,0
1,3,10222,10854,4.75187969924812,13,1
1,4,NaN,13603,NaN,13,0
1,5,15459,16147,5.17293233082707,13,0
1,6,17882,18436,4.16541353383459,13,0
1,7,20215,20843,4.7218045112782,13,0
1,8,22701,23228,3.96240601503759,13,0
1,9,25038,25580,4.07518796992481,13,0
1,10,27264,27801,4.03759398496241,13,0
1,11,29833,30477,4.84210526315789,13,0
1,12,32159,32602,3.33082706766917,13,0
1,13,34649,35122,3.55639097744361,13,0
1,14,36923,37387,3.48872180451128,13,0
1,15,39176,39628,3.3984962406015,13,0
1,16,41539,42009,3.53383458646617,13,0
1,17,43845,44288,3.33082706766917,13,0
1,18,46118,46535,3.13533834586466,13,0
1,19,48153,48611,3.44360902255639,13,0
1,20,50282,50749,3.51127819548872,13,0
1,21,52519,52963,3.33834586466165,13,0
1,22,54733,55174,3.31578947368421,13,0
1,23,56862,57285,3.18045112781955,13,0
1,24,NaN,59785,NaN,13,0
1,25,61580,62003,3.18045112781955,13,0
1,26,64002,64439,3.28571428571429,13,0
1,27,66149,66653,3.78947368421053,13,0
1,29,82530,82981,3.39097744360902,13,0
1,30,84696,85127,3.2406015037594,13,0
1,31,86910,87344,3.26315789473684,13,0
1,32,89134,89665,3.99248120300752,13,0
1,33,91378,91801,3.18045112781955,13,0
1,34,93602,94074,3.54887218045113,13,0
2,0,97894,98341,3.3609022556391,13,0
2,1,100082,100511,3.22556390977444,13,0
2,3,109188,109641,3.40601503759398,13,0
2,4,111341,111783,3.32330827067669,13,0
2,5,NaN,115142,NaN,13,0
2,6,117718,118162,3.33834586466165,13,0
2,7,120049,120637,4.42105263157895,13,0
2,8,122317,122738,3.16541353383459,13,0
2,9,124414,124840,3.20300751879699,13,0
2,10,126506,126931,3.19548872180451,13,0
2,11,128706,129124,3.14285714285714,13,0
2,13,134592,135036,3.33834586466165,13,0
2,14,136741,137184,3.33082706766917,13,0
2,15,138878,139302,3.18796992481203,13,0
2,16,140942,141364,3.17293233082707,13,0
2,17,143035,143465,3.23308270676692,13,0
2,18,145556,145987,3.2406015037594,13,0
2,19,147764,148188,3.18796992481203,13,0
2,20,152284,152739,3.42105263157895,13,0
2,21,154664,155112,3.36842105263158,13,0
2,22,156939,157383,3.33834586466165,13,0
2,23,159135,159565,3.23308270676692,13,0
2,24,161368,161790,3.17293233082707,13,0
2,25,163499,163924,3.19548872180451,13,0
2,26,165625,166046,3.16541353383459,13,0
2,27,167857,168285,3.21804511278195,13,0
2,28,169993,170417,3.18796992481203,13,0
2,29,172169,172593,3.18796992481203,13,0
2,30,174292,174716,3.18796992481203,13,0
2,31,176411,176836,3.19548872180451,13,0
2,32,178588,179011,3.18045112781955,13,0
2,33,180736,181169,3.25563909774436,13,0
2,34,182848,183278,3.23308270676692,13,0
3,0,187461,187908,3.3609022556391,13,0
3,1,189657,190081,3.18796992481203,13,0
3,2,191687,192114,3.21052631578947,13,0
3,3,194148,194589,3.31578947368421,13,0
3,4,196306,196761,3.42105263157895,13,0
3,5,198569,198997,3.21804511278195,13,0
3,6,200684,201104,3.15789473684211,13,0
3,7,202947,203370,3.18045112781955,13,0
3,8,205159,205588,3.22556390977444,13,0
3,9,207339,207765,3.20300751879699,13,0
3,10,209485,209913,3.21804511278195,13,0
3,11,211762,212187,3.19548872180451,13,0
3,12,213891,214322,3.2406015037594,13,0
3,13,218529,218958,3.22556390977444,13,0
3,14,220700,221162,3.47368421052632,13,0
3,15,222871,223304,3.25563909774436,13,0
3,16,225072,225504,3.24812030075188,13,0
3,17,227253,227690,3.28571428571429,13,0
3,18,229379,229815,3.2781954887218,13,0
3,19,231580,232004,3.18796992481203,13,0
3,20,233725,234156,3.2406015037594,13,0
3,21,235794,236220,3.20300751879699,13,0
3,22,237963,238391,3.21804511278195,13,0
3,23,240115,240545,3.23308270676692,13,0
3,24,242949,243376,3.21052631578947,13,0
3,25,245179,245604,3.19548872180451,13,0
3,26,248080,248511,3.2406015037594,13,0
3,27,250145,250573,3.21804511278195,13,0
3,28,252721,253146,3.19548872180451,13,0
3,29,254797,255228,3.2406015037594,13,0
3,30,257022,257450,3.21804511278195,13,0
3,31,259151,259639,3.66917293233083,13,0
3,32,261290,261714,3.18796992481203,13,0
3,33,263525,263951,3.20300751879699,13,0
3,34,265698,266131,3.25563909774436,13,0
1,1,NaN,9556,NaN,12,0
1,2,11400,12054,4.91729323308271,12,0
1,3,18144,18751,4.56390977443609,12,0
1,4,21171,21618,3.3609022556391,12,1
1,6,35369,35901,4,12,0
1,7,37595,38090,3.7218045112782,12,0
1,8,40600,41056,3.42857142857143,12,1
1,9,NaN,44469,NaN,12,0
1,13,66956,67513,4.18796992481203,12,1
1,16,78550,78998,3.36842105263158,12,1
1,17,80620,81277,4.93984962406015,12,0
1,18,NaN,83401,NaN,12,0
1,19,86575,87022,3.3609022556391,12,0
1,20,88821,89456,4.77443609022556,12,1
1,21,92025,92606,4.36842105263158,12,0
1,22,94480,95035,4.17293233082707,12,1
1,23,NaN,97449,NaN,12,0
1,24,99748,100516,5.77443609022556,12,0
1,26,106036,106512,3.57894736842105,12,0
1,27,108481,108922,3.31578947368421,12,0
1,28,111085,111528,3.33082706766917,12,1
1,29,114092,114664,4.30075187969925,12,0
1,30,NaN,117149,NaN,12,1
1,31,119216,119659,3.33082706766917,12,0
1,32,121279,121799,3.90977443609023,12,1
1,33,NaN,124262,NaN,12,0
1,34,126328,126756,3.21804511278195,12,0
2,0,NaN,135514,NaN,12,0
2,1,138266,138771,3.79699248120301,12,0
2,2,140681,141108,3.21052631578947,12,0
2,3,143247,143681,3.26315789473684,12,0
2,4,145513,145946,3.25563909774436,12,0
2,5,148145,148673,3.96992481203007,12,0
2,6,NaN,151327,NaN,12,0
2,8,188435,188873,3.29323308270677,12,0
2,9,191000,191448,3.36842105263158,12,1
2,10,NaN,194581,NaN,12,0
2,11,197877,198317,3.30827067669173,12,1
2,12,NaN,201027,NaN,12,0
2,13,204182,204753,4.29323308270677,12,0
2,14,206463,206970,3.81203007518797,12,0
2,15,209800,210518,5.3984962406015,12,1
2,16,NaN,213362,NaN,12,0
2,19,223240,223668,3.21804511278195,12,0
2,20,225874,226329,3.42105263157895,12,0
2,22,241444,242172,5.47368421052632,12,0
2,23,244505,245162,4.93984962406015,12,0
2,24,247466,248200,5.5187969924812,12,0
2,25,250021,250554,4.00751879699248,12,0
2,26,252679,253268,4.42857142857143,12,0
2,27,NaN,255718,NaN,12,1
2,28,257505,258262,5.69172932330827,12,0
2,29,260149,260728,4.35338345864662,12,0
2,30,263237,263772,4.02255639097744,12,0
2,31,NaN,266910,NaN,12,1
2,32,268862,269329,3.51127819548872,12,0
2,33,272497,273065,4.27067669172932,12,0
2,34,275896,276556,4.96240601503759,12,0
3,0,283442,283865,3.18045112781955,12,0
3,1,285638,286163,3.94736842105263,12,0
3,2,287929,288469,4.06015037593985,12,0
3,3,291219,291845,4.70676691729323,12,1
3,4,NaN,294517,NaN,12,0
3,5,296145,296706,4.21804511278195,12,0
3,6,NaN,304422,NaN,12,1
3,7,308166,308685,3.90225563909774,12,0
3,9,313562,314088,3.95488721804511,12,0
3,10,316499,316982,3.63157894736842,12,0
3,11,NaN,319854,NaN,12,0
3,12,322791,323546,5.67669172932331,12,0
3,13,NaN,327971,NaN,12,0
3,14,330027,330460,3.25563909774436,12,0
3,16,NaN,336299,NaN,12,0
3,17,338035,338465,3.23308270676692,12,0
3,18,NaN,341434,NaN,12,1
3,19,344560,345005,3.34586466165414,12,0
3,21,NaN,350514,NaN,12,0
3,22,352461,352999,4.04511278195489,12,0
3,23,356646,357085,3.30075187969925,12,0
3,24,358981,359502,3.91729323308271,12,0
3,25,362293,362880,4.41353383458647,12,0
3,26,367598,368155,4.18796992481203,12,0
3,27,370506,371095,4.42857142857143,12,0
3,28,373928,374647,5.40601503759398,12,0
3,29,376465,376900,3.27067669172932,12,0
3,30,378779,379232,3.40601503759398,12,0
3,32,NaN,387855,NaN,12,0
3,33,390967,391406,3.30075187969925,12,1
3,34,NaN,395934,NaN,12,0
1,0,4065,4548,3.63157894736842,11,0
1,1,6342,6884,4.07518796992481,11,0
1,2,8748,9305,4.18796992481203,11,0
1,3,11758,12217,3.45112781954887,11,0
1,4,14068,14535,3.51127819548872,11,0
1,5,16727,17170,3.33082706766917,11,0
1,6,19069,19544,3.57142857142857,11,0
1,7,21698,22136,3.29323308270677,11,0
1,9,34194,34706,3.84962406015038,11,0
1,10,36897,37398,3.76691729323308,11,0
1,12,42576,43004,3.21804511278195,11,0
1,14,48376,48796,3.15789473684211,11,0
1,16,53530,54062,4,11,0
1,17,56400,56851,3.39097744360902,11,0
1,18,58688,59109,3.16541353383459,11,0
1,19,61225,61809,4.39097744360902,11,0
1,20,63868,64296,3.21804511278195,11,0
1,21,66613,67028,3.1203007518797,11,0
1,22,68741,69162,3.16541353383459,11,0
1,23,71056,71493,3.28571428571429,11,0
1,24,74170,74668,3.74436090225564,11,0
1,25,79633,80063,3.23308270676692,11,0
1,26,81703,82123,3.15789473684211,11,0
1,27,83898,84328,3.23308270676692,11,0
1,28,86125,86585,3.45864661654135,11,0
1,29,88320,88776,3.42857142857143,11,0
1,30,91651,92121,3.53383458646617,11,0
1,31,95823,96312,3.67669172932331,11,1
1,32,99526,100001,3.57142857142857,11,0
1,33,104323,105044,5.42105263157895,11,0
1,34,107889,108321,3.24812030075188,11,0
2,0,112256,112724,3.5187969924812,11,0
2,1,114457,114913,3.42857142857143,11,0
2,3,119491,119926,3.27067669172932,11,0
2,5,125306,125733,3.21052631578947,11,0
2,6,127501,127964,3.4812030075188,11,0
2,7,129769,130225,3.42857142857143,11,0
2,8,132671,133107,3.2781954887218,11,0
2,9,134888,135374,3.65413533834586,11,0
2,10,137068,137556,3.66917293233083,11,0
2,11,139780,140259,3.6015037593985,11,0
2,12,142320,142755,3.27067669172932,11,0
2,13,144608,145033,3.19548872180451,11,0
2,14,146811,147272,3.46616541353383,11,0
2,15,148980,149417,3.28571428571429,11,0
2,17,155238,155713,3.57142857142857,11,0
2,18,157431,157914,3.63157894736842,11,1
2,19,160365,160929,4.2406015037594,11,0
2,20,162679,163190,3.84210526315789,11,0
2,21,165615,166038,3.18045112781955,11,0
2,22,167770,168215,3.34586466165414,11,0
2,23,171182,171864,5.12781954887218,11,0
2,24,173547,174096,4.12781954887218,11,0
2,25,NaN,182907,NaN,11,0
2,26,184534,184995,3.46616541353383,11,0
2,27,187125,187588,3.4812030075188,11,0
2,28,190649,191111,3.47368421052632,11,0
2,29,193084,193534,3.38345864661654,11,0
2,30,195293,195741,3.36842105263158,11,0
2,31,197699,198261,4.22556390977444,11,0
2,32,205180,205607,3.21052631578947,11,0
2,33,207366,207869,3.78195488721805,11,0
2,34,209586,210016,3.23308270676692,11,0
3,0,214661,215086,3.19548872180451,11,0
3,1,216772,217215,3.33082706766917,11,0
3,2,219775,220238,3.4812030075188,11,0
3,3,222962,223393,3.2406015037594,11,0
3,4,225136,225670,4.01503759398496,11,0
3,6,232997,233428,3.2406015037594,11,0
3,7,235147,235566,3.15037593984962,11,0
3,8,238927,239424,3.73684210526316,11,0
3,9,241315,241747,3.24812030075188,11,0
3,10,246732,247157,3.19548872180451,11,0
3,11,248911,249361,3.38345864661654,11,0
3,12,251100,251539,3.30075187969925,11,0
3,13,253252,253762,3.83458646616541,11,0
3,14,255488,255988,3.7593984962406,11,0
3,15,258314,258867,4.15789473684211,11,0
3,16,262404,262850,3.35338345864662,11,0
3,17,264627,265122,3.7218045112782,11,0
3,18,266961,267415,3.41353383458647,11,0
3,19,269164,269605,3.31578947368421,11,0
3,20,271585,272066,3.61654135338346,11,0
3,21,273875,274371,3.72932330827068,11,0
3,22,276690,277236,4.10526315789474,11,0
3,23,282788,283220,3.24812030075188,11,0
3,24,284908,285335,3.21052631578947,11,0
3,25,287043,287480,3.28571428571429,11,0
3,26,292846,293308,3.47368421052632,11,0
3,27,295036,295470,3.26315789473684,11,0
3,28,297577,298030,3.40601503759398,11,1
3,29,300025,300460,3.27067669172932,11,0
3,30,304944,305436,3.69924812030075,11,0
3,31,307237,307673,3.2781954887218,11,0
3,32,310013,310460,3.3609022556391,11,0
3,33,312755,313205,3.38345864661654,11,0
3,34,315120,315579,3.45112781954887,11,0
1,0,4437,5233,5.98496240601504,10,0
1,1,6963,7564,4.5187969924812,10,0
1,2,9186,9790,4.54135338345865,10,0
1,3,11730,12343,4.60902255639098,10,0
1,4,14209,14810,4.5187969924812,10,0
1,5,16545,17126,4.36842105263158,10,0
1,6,21308,22087,5.85714285714286,10,0
1,7,23951,24566,4.62406015037594,10,0
1,9,29830,30446,4.63157894736842,10,0
1,10,32895,33562,5.01503759398496,10,0
1,11,NaN,47939,NaN,10,1
1,12,49818,50424,4.55639097744361,10,0
1,13,52072,52715,4.83458646616541,10,0
1,14,54379,55090,5.34586466165414,10,0
1,15,57378,57943,4.24812030075188,10,0
1,16,60126,60719,4.45864661654135,10,0
1,17,62467,63073,4.55639097744361,10,0
1,18,64771,65392,4.66917293233083,10,0
1,19,67144,67768,4.69172932330827,10,1
1,20,NaN,71279,NaN,10,0
1,21,72983,73543,4.21052631578947,10,0
1,22,75219,75920,5.27067669172932,10,0
1,23,77893,78485,4.45112781954887,10,0
1,24,80165,80739,4.31578947368421,10,0
1,25,82366,82965,4.50375939849624,10,0
1,26,84592,85174,4.37593984962406,10,0
1,27,86886,87384,3.74436090225564,10,0
1,28,89034,89583,4.12781954887218,10,0
1,29,91571,92068,3.73684210526316,10,0
1,30,93998,94551,4.15789473684211,10,0
1,31,96210,96730,3.90977443609023,10,0
1,32,98600,99115,3.87218045112782,10,0
1,33,100811,101378,4.26315789473684,10,0
1,34,103401,103887,3.65413533834586,10,0
2,0,108450,109160,5.33834586466165,10,0
2,1,NaN,113699,NaN,10,0
2,2,115396,115916,3.90977443609023,10,0
2,3,117799,118475,5.08270676691729,10,1
2,4,NaN,121090,NaN,10,0
2,5,123754,124427,5.06015037593985,10,0
2,6,126994,127609,4.62406015037594,10,0
2,7,129227,130019,5.95488721804511,10,0
2,8,135751,136416,5,10,0
2,9,138361,138804,3.33082706766917,10,0
2,10,140601,141170,4.2781954887218,10,0
2,11,142892,143415,3.93233082706767,10,0
2,12,145130,145684,4.16541353383459,10,1
2,13,NaN,148339,NaN,10,0
2,14,151063,151621,4.19548872180451,10,0
2,15,153262,153843,4.36842105263158,10,0
2,16,155623,156146,3.93233082706767,10,0
2,17,158245,158768,3.93233082706767,10,0
2,18,NaN,163564,NaN,10,0
2,19,165610,166115,3.79699248120301,10,0
2,20,167951,168508,4.18796992481203,10,0
2,21,170424,170949,3.94736842105263,10,0
2,22,172728,173262,4.01503759398496,10,0
2,23,175111,175609,3.74436090225564,10,0
2,24,177221,177744,3.93233082706767,10,0
2,25,NaN,182566,NaN,10,0
2,26,184365,184894,3.97744360902256,10,0
2,27,187016,187486,3.53383458646617,10,0
2,28,189197,189709,3.84962406015038,10,0
2,29,191436,191958,3.92481203007519,10,0
2,30,193725,194311,4.40601503759398,10,0
2,31,196027,196533,3.80451127819549,10,0
2,32,198215,198761,4.10526315789474,10,0
2,33,200556,201195,4.80451127819549,10,0
2,34,202875,203370,3.7218045112782,10,0
3,0,207571,208095,3.93984962406015,10,0
3,1,209841,210358,3.88721804511278,10,0
3,2,NaN,215066,NaN,10,0
3,3,216766,217309,4.08270676691729,10,0
3,4,218996,219580,4.39097744360902,10,0
3,5,221392,221828,3.2781954887218,10,0
3,6,223519,224039,3.90977443609023,10,0
3,7,225790,226359,4.2781954887218,10,0
3,8,228114,228668,4.16541353383459,10,0
3,9,230347,230841,3.71428571428571,10,0
3,10,232459,232939,3.60902255639098,10,0
3,11,234679,235154,3.57142857142857,10,0
3,12,236791,237259,3.5187969924812,10,0
3,13,238988,239489,3.76691729323308,10,0
3,14,242727,243358,4.74436090225564,10,0
3,15,245077,245520,3.33082706766917,10,0
3,16,248226,248762,4.03007518796993,10,0
3,17,250430,250897,3.51127819548872,10,0
3,18,253259,253699,3.30827067669173,10,0
3,19,255396,255897,3.76691729323308,10,0
3,20,257898,258366,3.5187969924812,10,0
3,21,260611,261043,3.24812030075188,10,0
3,22,262703,263366,4.98496240601504,10,0
3,23,265929,266376,3.3609022556391,10,0
3,24,268154,268592,3.29323308270677,10,0
3,25,270274,270801,3.96240601503759,10,0
3,26,272444,272891,3.3609022556391,10,0
3,27,274499,274936,3.28571428571429,10,0
3,28,276734,277220,3.65413533834586,10,0
3,29,278979,279477,3.74436090225564,10,0
3,30,281198,281641,3.33082706766917,10,0
3,31,283400,283955,4.17293233082707,10,0
3,32,285769,286218,3.37593984962406,10,0
3,33,288030,288486,3.42857142857143,10,0
3,34,290205,290637,3.24812030075188,10,0
1,0,3895,4331,3.2781954887218,9,0
1,1,6411,6844,3.25563909774436,9,0
1,2,8585,9008,3.18045112781955,9,0
1,3,11156,11614,3.44360902255639,9,0
1,4,17584,18022,3.29323308270677,9,0
1,5,26649,27359,5.33834586466165,9,0
1,6,29322,29745,3.18045112781955,9,0
1,7,31549,32047,3.74436090225564,9,0
1,8,33771,34212,3.31578947368421,9,0
1,11,44791,45220,3.22556390977444,9,0
1,12,47126,47649,3.93233082706767,9,0
1,14,63443,63941,3.74436090225564,9,0
1,15,65632,66059,3.21052631578947,9,0
1,16,67832,68312,3.60902255639098,9,0
1,17,70070,70515,3.34586466165414,9,0
1,19,76261,76684,3.18045112781955,9,0
1,20,78521,79281,5.71428571428571,9,0
1,21,81078,81526,3.36842105263158,9,0
1,22,83295,83871,4.33082706766917,9,0
1,23,85584,86035,3.39097744360902,9,0
1,24,89867,90290,3.18045112781955,9,0
1,26,100248,100739,3.69172932330827,9,1
1,28,105163,105685,3.92481203007519,9,0
1,29,108591,109017,3.20300751879699,9,0
1,30,121313,121879,4.25563909774436,9,0
1,31,123702,124254,4.15037593984962,9,0
1,32,125995,126660,5,9,0
1,33,128439,128968,3.97744360902256,9,0
1,34,130748,131268,3.90977443609023,9,0
2,0,135760,136252,3.69924812030075,9,0
2,1,138057,138604,4.11278195488722,9,0
2,2,140415,140841,3.20300751879699,9,0
2,4,NaN,151516,NaN,9,0
2,5,153243,153675,3.24812030075188,9,0
2,6,156084,156500,3.12781954887218,9,0
2,7,158378,158817,3.30075187969925,9,0
2,8,160569,160994,3.19548872180451,9,0
2,9,162748,163346,4.49624060150376,9,0
2,12,172330,172746,3.12781954887218,9,0
2,13,180625,181047,3.17293233082707,9,0
2,14,182772,183227,3.42105263157895,9,0
2,19,204195,204650,3.42105263157895,9,0
2,20,212442,213019,4.33834586466165,9,0
2,21,216617,217051,3.26315789473684,9,0
2,22,219594,220118,3.93984962406015,9,0
2,23,223453,223947,3.71428571428571,9,0
2,24,225856,226288,3.24812030075188,9,0
2,25,228143,228620,3.58646616541353,9,0
2,26,232316,232906,4.43609022556391,9,0
2,27,234814,235246,3.24812030075188,9,0
2,28,238942,239465,3.93233082706767,9,0
2,29,241208,241640,3.24812030075188,9,0
2,30,243629,244064,3.27067669172932,9,0
2,31,249883,250318,3.27067669172932,9,0
2,32,257691,258121,3.23308270676692,9,0
2,33,261825,262253,3.21804511278195,9,0
2,34,266026,266461,3.27067669172932,9,0
3,0,275286,275711,3.19548872180451,9,0
3,1,277410,277841,3.2406015037594,9,0
3,2,279541,279972,3.2406015037594,9,0
3,3,281713,282148,3.27067669172932,9,0
3,4,284313,284748,3.27067669172932,9,0
3,5,287930,288360,3.23308270676692,9,0
3,6,292305,292762,3.43609022556391,9,0
3,7,294639,295071,3.24812030075188,9,0
3,8,298255,298687,3.24812030075188,9,0
3,9,305864,306296,3.24812030075188,9,0
3,10,308138,308557,3.15037593984962,9,0
3,11,310258,310681,3.18045112781955,9,0
3,12,312359,312790,3.2406015037594,9,0
3,13,314874,315304,3.23308270676692,9,0
3,14,319175,319599,3.18796992481203,9,0
3,15,325194,325638,3.33834586466165,9,0
3,16,330168,330614,3.35338345864662,9,0
3,17,332635,333071,3.2781954887218,9,0
3,18,334711,335138,3.21052631578947,9,0
3,19,336911,337342,3.2406015037594,9,0
3,20,339433,339867,3.26315789473684,9,0
3,21,341705,342138,3.25563909774436,9,0
3,22,344054,344487,3.25563909774436,9,0
3,23,346235,346671,3.2781954887218,9,0
3,24,348809,349302,3.70676691729323,9,0
3,25,351081,351512,3.2406015037594,9,0
3,26,353493,353925,3.24812030075188,9,0
3,27,356513,356941,3.21804511278195,9,0
3,28,358654,359091,3.28571428571429,9,0
3,29,361205,361642,3.28571428571429,9,0
3,30,363557,363986,3.22556390977444,9,0
3,31,365891,366326,3.27067669172932,9,0
3,32,368183,368616,3.25563909774436,9,0
3,33,370875,371320,3.34586466165414,9,0
3,34,373077,373510,3.25563909774436,9,0
1,0,2700,3209,3.82706766917293,8,0
1,1,5052,5549,3.73684210526316,8,0
1,2,7408,7992,4.39097744360902,8,0
1,3,9909,10402,3.70676691729323,8,0
1,4,12155,12717,4.22556390977444,8,0
1,5,14424,14945,3.91729323308271,8,0
1,6,16687,17116,3.22556390977444,8,0
1,7,18826,19279,3.40601503759398,8,0
1,8,20934,21361,3.21052631578947,8,0
1,9,23101,23536,3.27067669172932,8,0
1,10,25259,25685,3.20300751879699,8,0
1,11,27381,27854,3.55639097744361,8,0
1,12,29514,29957,3.33082706766917,8,0
1,13,31690,32129,3.30075187969925,8,0
1,14,34026,34460,3.26315789473684,8,0
1,15,36110,36573,3.4812030075188,8,0
1,16,38382,38823,3.31578947368421,8,0
1,17,40941,41372,3.2406015037594,8,0
1,18,43198,43621,3.18045112781955,8,0
1,19,45343,45768,3.19548872180451,8,0
1,20,47592,48018,3.20300751879699,8,0
1,21,49655,50167,3.84962406015038,8,0
1,22,51942,52368,3.20300751879699,8,0
1,24,61018,61468,3.38345864661654,8,0
1,25,63280,63706,3.20300751879699,8,0
1,26,65402,65845,3.33082706766917,8,0
1,27,67547,68013,3.50375939849624,8,0
1,28,69774,70207,3.25563909774436,8,0
1,29,71887,72315,3.21804511278195,8,0
1,31,NaN,77482,NaN,8,0
1,32,79159,79594,3.27067669172932,8,0
1,33,81380,81803,3.18045112781955,8,0
1,34,83424,83850,3.20300751879699,8,0
2,0,88225,88669,3.33834586466165,8,0
2,1,92521,92982,3.46616541353383,8,0
2,3,100094,100649,4.17293233082707,8,0
2,4,107383,107820,3.28571428571429,8,0
2,5,109557,109981,3.18796992481203,8,0
2,6,111697,112126,3.22556390977444,8,0
2,7,113864,114303,3.30075187969925,8,0
2,8,115915,116367,3.3984962406015,8,0
2,9,118058,118527,3.52631578947368,8,0
2,10,120233,120661,3.21804511278195,8,0
2,11,122306,122766,3.45864661654135,8,0
2,13,NaN,127988,NaN,8,0
2,14,129674,130110,3.2781954887218,8,0
2,15,131794,132274,3.60902255639098,8,0
2,16,134020,134444,3.18796992481203,8,0
2,17,136203,136637,3.26315789473684,8,0
2,18,138342,138775,3.25563909774436,8,0
2,20,143644,144072,3.21804511278195,8,0
2,21,145654,146201,4.11278195488722,8,0
2,22,150624,151307,5.13533834586466,8,0
2,23,153019,153447,3.21804511278195,8,0
2,24,155138,155565,3.21052631578947,8,0
2,25,157348,158146,6,8,1
2,26,160052,160473,3.16541353383459,8,0
2,27,164280,164827,4.11278195488722,8,0
2,28,166432,166861,3.22556390977444,8,0
2,29,175017,175460,3.33082706766917,8,0
2,30,177273,177704,3.2406015037594,8,0
2,31,181287,181722,3.27067669172932,8,0
2,32,183387,183822,3.27067669172932,8,0
2,33,185507,185938,3.2406015037594,8,0
3,0,194207,194637,3.23308270676692,8,0
3,1,196253,196681,3.21804511278195,8,0
3,2,198332,198778,3.35338345864662,8,0
3,3,200469,200900,3.2406015037594,8,0
3,4,203150,203578,3.21804511278195,8,0
3,5,206239,206668,3.22556390977444,8,0
3,6,208369,208826,3.43609022556391,8,0
3,7,210548,210977,3.22556390977444,8,0
3,8,212674,213101,3.21052631578947,8,0
3,9,214733,215218,3.64661654135338,8,0
3,10,217053,217483,3.23308270676692,8,0
3,11,219117,219547,3.23308270676692,8,0
3,12,223179,223608,3.22556390977444,8,0
3,14,229671,230154,3.63157894736842,8,0
3,16,237152,237609,3.43609022556391,8,0
3,17,239382,239845,3.4812030075188,8,0
3,18,241554,242035,3.61654135338346,8,1
3,19,NaN,244496,NaN,8,0
3,20,246286,246720,3.26315789473684,8,0
3,21,248398,248898,3.7593984962406,8,1
3,22,NaN,251297,NaN,8,0
3,23,253066,253737,5.04511278195489,8,0
3,24,255448,255904,3.42857142857143,8,0
3,25,257735,258179,3.33834586466165,8,0
3,26,259841,260272,3.2406015037594,8,0
3,27,262171,262665,3.71428571428571,8,0
3,28,266094,266691,4.48872180451128,8,0
3,29,268399,268868,3.52631578947368,8,0
3,30,270488,270921,3.25563909774436,8,0
3,31,277542,277970,3.21804511278195,8,0
3,32,279754,280182,3.21804511278195,8,0
3,33,281840,282280,3.30827067669173,8,0
3,34,284031,284457,3.20300751879699,8,0
1,0,2437,2866,3.22556390977444,7,0
1,1,5365,5804,3.30075187969925,7,0
1,2,8071,8501,3.23308270676692,7,0
1,3,10347,10782,3.27067669172932,7,0
1,4,12731,13173,3.32330827067669,7,0
1,5,15591,16030,3.30075187969925,7,0
1,6,18022,18454,3.24812030075188,7,0
1,7,21136,21595,3.45112781954887,7,0
1,8,24599,25034,3.27067669172932,7,0
1,9,27073,27501,3.21804511278195,7,0
1,10,29571,30004,3.25563909774436,7,0
1,11,32125,32555,3.23308270676692,7,0
1,12,35419,35856,3.28571428571429,7,0
1,13,38126,38557,3.2406015037594,7,0
1,15,45852,46286,3.26315789473684,7,0
1,16,48118,48549,3.2406015037594,7,0
1,17,51336,51763,3.21052631578947,7,0
1,18,53955,54401,3.35338345864662,7,0
1,19,56859,57290,3.2406015037594,7,0
1,21,70353,70784,3.2406015037594,7,0
1,22,73326,73761,3.27067669172932,7,0
1,23,75505,75934,3.22556390977444,7,0
1,24,77884,78314,3.23308270676692,7,0
1,26,88433,88864,3.2406015037594,7,0
1,27,90967,91399,3.24812030075188,7,0
1,28,97343,98029,5.15789473684211,7,1
1,29,99918,100349,3.2406015037594,7,0
1,30,102970,103402,3.24812030075188,7,0
1,31,105667,106096,3.22556390977444,7,0
1,32,108463,108895,3.24812030075188,7,0
1,33,111273,111702,3.22556390977444,7,0
2,0,126491,126925,3.26315789473684,7,0
2,1,128890,129322,3.24812030075188,7,0
2,2,130951,131382,3.2406015037594,7,0
2,3,133164,133595,3.2406015037594,7,0
2,4,135352,135792,3.30827067669173,7,0
2,5,137776,138206,3.23308270676692,7,0
2,6,139940,140372,3.24812030075188,7,0
2,7,142083,142515,3.24812030075188,7,0
2,8,144346,144772,3.20300751879699,7,0
2,9,146549,146980,3.2406015037594,7,0
2,10,148755,149184,3.22556390977444,7,0
2,11,150884,151343,3.45112781954887,7,1
2,12,153747,154181,3.26315789473684,7,0
2,13,155793,156225,3.24812030075188,7,0
2,15,161092,161521,3.22556390977444,7,0
2,16,163138,163573,3.27067669172932,7,0
2,17,165242,165676,3.26315789473684,7,0
2,18,167314,167737,3.18045112781955,7,0
2,19,169796,170218,3.17293233082707,7,0
2,20,172876,173304,3.21804511278195,7,1
2,22,177740,178166,3.20300751879699,7,0
2,23,179877,180307,3.23308270676692,7,0
2,24,182364,182789,3.19548872180451,7,0
2,25,184597,185016,3.15037593984962,7,0
2,26,186907,187325,3.14285714285714,7,0
2,27,188929,189351,3.17293233082707,7,0
2,28,191009,191437,3.21804511278195,7,0
2,29,193088,193538,3.38345864661654,7,0
2,30,195815,196240,3.19548872180451,7,0
2,31,197905,198329,3.18796992481203,7,0
2,32,200000,200419,3.15037593984962,7,0
2,34,205879,206331,3.3984962406015,7,1
3,0,211130,211554,3.18796992481203,7,0
3,1,213243,213666,3.18045112781955,7,0
3,2,215485,215910,3.19548872180451,7,0
3,3,217687,218114,3.21052631578947,7,0
3,4,219941,220367,3.20300751879699,7,0
3,5,222058,222498,3.30827067669173,7,0
3,6,224116,224550,3.26315789473684,7,0
3,7,226214,226639,3.19548872180451,7,0
3,8,228335,228756,3.16541353383459,7,0
3,9,230372,230795,3.18045112781955,7,0
3,10,232471,232894,3.18045112781955,7,0
3,11,234634,235057,3.18045112781955,7,0
3,13,240312,240735,3.18045112781955,7,0
3,14,242590,243016,3.20300751879699,7,0
3,15,244765,245189,3.18796992481203,7,0
3,16,246991,247412,3.16541353383459,7,0
3,17,249170,249600,3.23308270676692,7,0
3,18,251335,251768,3.25563909774436,7,0
3,20,256220,256645,3.19548872180451,7,0
3,21,258461,258889,3.21804511278195,7,0
3,22,260514,260934,3.15789473684211,7,0
3,23,263089,263515,3.20300751879699,7,0
3,24,265652,266072,3.15789473684211,7,0
3,25,268474,268899,3.19548872180451,7,0
3,26,271617,272043,3.20300751879699,7,0
3,27,274168,274596,3.21804511278195,7,0
3,28,276760,277183,3.18045112781955,7,0
3,29,279033,279460,3.21052631578947,7,0
3,30,281434,281856,3.17293233082707,7,0
3,31,283533,284188,4.92481203007519,7,1
3,32,286079,286506,3.21052631578947,7,0
3,33,288236,288671,3.27067669172932,7,0
3,34,290507,290928,3.16541353383459,7,0
1,0,2284,3011,5.46616541353383,6,0
1,2,8679,9251,4.30075187969925,6,0
1,3,11686,12130,3.33834586466165,6,0
1,4,14751,15280,3.97744360902256,6,0
1,5,18432,18887,3.42105263157895,6,0
1,6,22366,22865,3.75187969924812,6,0
1,7,25842,26333,3.69172932330827,6,1
1,8,29636,30114,3.59398496240602,6,0
1,9,33411,33857,3.35338345864662,6,1
1,10,NaN,40642,NaN,6,0
1,12,46522,47048,3.95488721804511,6,0
1,13,50213,50902,5.18045112781955,6,0
1,14,53363,53825,3.47368421052632,6,1
1,15,NaN,58410,NaN,6,0
1,16,61304,61900,4.4812030075188,6,0
1,17,64546,65056,3.83458646616541,6,0
1,18,72386,72834,3.36842105263158,6,0
1,19,74853,75382,3.97744360902256,6,0
1,20,77517,77994,3.58646616541353,6,0
1,21,NaN,88142,NaN,6,0
1,22,90866,91308,3.32330827067669,6,0
1,23,93362,93797,3.27067669172932,6,0
1,24,95589,96031,3.32330827067669,6,0
1,25,98588,99022,3.26315789473684,6,0
1,26,101670,102110,3.30827067669173,6,0
1,27,105553,105988,3.27067669172932,6,0
1,28,108752,109183,3.2406015037594,6,0
1,29,110876,111302,3.20300751879699,6,0
1,30,114231,114688,3.43609022556391,6,0
1,31,118156,118678,3.92481203007519,6,1
1,32,124656,125099,3.33082706766917,6,0
1,33,128109,128548,3.30075187969925,6,0
1,34,131590,132019,3.22556390977444,6,0
2,1,NaN,142069,NaN,6,0
2,2,144023,144454,3.2406015037594,6,0
2,3,147018,147450,3.24812030075188,6,0
2,4,150420,151101,5.1203007518797,6,0
2,5,153720,154165,3.34586466165414,6,0
2,6,155818,156280,3.47368421052632,6,0
2,7,159065,159524,3.45112781954887,6,0
2,8,162882,163314,3.24812030075188,6,0
2,9,165916,166346,3.23308270676692,6,0
2,10,169493,169925,3.24812030075188,6,0
2,11,174177,174611,3.26315789473684,6,0
2,12,179176,179607,3.2406015037594,6,0
2,13,181668,182098,3.23308270676692,6,0
2,14,184465,184900,3.27067669172932,6,0
2,15,186989,187576,4.41353383458647,6,0
2,16,189511,190018,3.81203007518797,6,1
2,17,NaN,192958,NaN,6,0
2,18,197312,198100,5.92481203007519,6,0
2,19,200081,200522,3.31578947368421,6,0
2,21,222330,222794,3.48872180451128,6,0
2,22,225027,225462,3.27067669172932,6,0
2,23,227589,228027,3.29323308270677,6,0
2,24,230039,230463,3.18796992481203,6,0
2,25,232265,232695,3.23308270676692,6,0
2,26,234660,235104,3.33834586466165,6,0
2,28,240695,241121,3.20300751879699,6,0
2,29,245346,245770,3.18796992481203,6,0
2,30,248215,248641,3.20300751879699,6,0
2,31,251171,251605,3.26315789473684,6,0
2,32,256888,257321,3.25563909774436,6,0
2,33,259609,260032,3.18045112781955,6,0
2,34,262266,262706,3.30827067669173,6,0
3,0,267176,267607,3.2406015037594,6,0
3,2,275364,275796,3.24812030075188,6,0
3,3,280069,280498,3.22556390977444,6,0
3,4,284030,284456,3.20300751879699,6,0
3,5,286981,287407,3.20300751879699,6,0
3,6,292090,292599,3.82706766917293,6,0
3,7,296505,296964,3.45112781954887,6,0
3,8,300693,301121,3.21804511278195,6,0
3,9,NaN,304636,NaN,6,0
3,10,307218,307647,3.22556390977444,6,0
3,11,311465,311895,3.23308270676692,6,0
3,12,314217,314666,3.37593984962406,6,0
3,13,317046,317679,4.7593984962406,6,0
3,14,324978,325402,3.18796992481203,6,0
3,15,328027,328448,3.16541353383459,6,0
3,16,330202,330628,3.20300751879699,6,0
3,17,334816,335246,3.23308270676692,6,0
3,18,337510,337987,3.58646616541353,6,0
3,19,339853,340278,3.19548872180451,6,0
3,20,343720,344166,3.35338345864662,6,0
3,21,348837,349257,3.15789473684211,6,0
3,22,351136,351568,3.24812030075188,6,0
3,23,353251,353695,3.33834586466165,6,0
3,24,356987,357410,3.18045112781955,6,0
3,25,361179,361603,3.18796992481203,6,0
3,26,364199,364625,3.20300751879699,6,0
3,27,368764,369280,3.8796992481203,6,0
3,28,371188,371606,3.14285714285714,6,0
3,29,373305,373724,3.15037593984962,6,0
3,31,381175,381608,3.25563909774436,6,0
3,32,383314,383751,3.28571428571429,6,0
3,33,385823,386253,3.23308270676692,6,0
3,34,388331,388758,3.21052631578947,6,0
1,0,1825,2255,3.23308270676692,5,0
1,1,3921,4355,3.26315789473684,5,0
1,3,9826,10253,3.21052631578947,5,0
1,4,12220,12643,3.18045112781955,5,0
1,5,14724,15157,3.25563909774436,5,0
1,6,17043,17468,3.19548872180451,5,0
1,7,19165,19593,3.21804511278195,5,0
1,8,21322,21749,3.21052631578947,5,0
1,10,NaN,28392,NaN,5,0
1,11,30520,30998,3.59398496240602,5,0
1,12,32945,33368,3.18045112781955,5,0
1,13,35482,35896,3.11278195488722,5,0
1,14,37539,37973,3.26315789473684,5,0
1,15,39614,40135,3.91729323308271,5,0
1,16,42020,42457,3.28571428571429,5,0
1,17,45140,45576,3.2781954887218,5,0
1,18,47304,47754,3.38345864661654,5,1
1,19,NaN,50953,NaN,5,0
1,20,52796,53225,3.22556390977444,5,0
1,21,55417,56184,5.76691729323308,5,1
1,22,62665,63099,3.26315789473684,5,0
1,23,64903,65329,3.20300751879699,5,0
1,24,67148,67635,3.66165413533835,5,0
1,25,70671,71132,3.46616541353383,5,0
1,26,72904,73351,3.3609022556391,5,1
1,27,NaN,77616,NaN,5,0
1,28,80738,81179,3.31578947368421,5,0
1,29,84846,85293,3.3609022556391,5,0
1,30,88322,88763,3.31578947368421,5,1
1,31,NaN,92574,NaN,5,0
1,32,95549,95997,3.36842105263158,5,0
1,33,100391,100847,3.42857142857143,5,0
1,34,NaN,105290,NaN,5,0
2,0,110683,111136,3.40601503759398,5,0
2,1,112999,113435,3.2781954887218,5,1
2,2,NaN,115783,NaN,5,0
2,3,118213,118671,3.44360902255639,5,0
2,4,120881,121309,3.21804511278195,5,0
2,6,127083,127545,3.47368421052632,5,0
2,7,129317,129832,3.87218045112782,5,0
2,8,131937,132372,3.27067669172932,5,0
2,9,134048,134491,3.33082706766917,5,0
2,10,136115,136552,3.28571428571429,5,0
2,11,138205,138646,3.31578947368421,5,0
2,12,140284,140859,4.32330827067669,5,0
2,13,142681,143116,3.27067669172932,5,0
2,14,NaN,145308,NaN,5,1
2,15,146953,147387,3.26315789473684,5,0
2,16,149183,149606,3.18045112781955,5,0
2,17,151386,151824,3.29323308270677,5,0
2,18,153619,154046,3.21052631578947,5,0
2,20,158983,159426,3.33082706766917,5,0
2,21,161829,162257,3.21804511278195,5,0
2,22,164085,164524,3.30075187969925,5,0
2,23,166330,166767,3.28571428571429,5,0
2,24,168392,168825,3.25563909774436,5,0
2,25,170695,171130,3.27067669172932,5,0
2,26,173027,173486,3.45112781954887,5,0
2,27,175295,175729,3.26315789473684,5,0
2,28,177655,178098,3.33082706766917,5,0
2,29,180204,180644,3.30827067669173,5,0
2,30,182310,182749,3.30075187969925,5,0
2,31,185357,185789,3.24812030075188,5,0
2,32,187652,188084,3.24812030075188,5,0
2,33,189990,190429,3.30075187969925,5,0
2,34,195151,195595,3.33834586466165,5,1
3,0,200957,201390,3.25563909774436,5,0
3,1,203564,203995,3.2406015037594,5,0
3,2,206460,206893,3.25563909774436,5,0
3,3,208648,209086,3.29323308270677,5,0
3,4,211103,211536,3.25563909774436,5,0
3,5,213290,213726,3.2781954887218,5,0
3,6,216181,216617,3.2781954887218,5,0
3,7,222078,222506,3.21804511278195,5,0
3,8,224381,224810,3.22556390977444,5,0
3,9,226640,227076,3.2781954887218,5,0
3,10,229011,229464,3.40601503759398,5,0
3,11,234278,234750,3.54887218045113,5,1
3,12,236523,236961,3.29323308270677,5,0
3,14,243348,243778,3.23308270676692,5,0
3,15,245539,245968,3.22556390977444,5,0
3,16,247791,248222,3.2406015037594,5,0
3,17,249981,250415,3.26315789473684,5,0
3,18,252216,252648,3.24812030075188,5,0
3,19,254514,254960,3.35338345864662,5,0
3,20,256649,257086,3.28571428571429,5,0
3,21,258719,259146,3.21052631578947,5,0
3,22,260858,261290,3.24812030075188,5,0
3,23,263076,263510,3.26315789473684,5,0
3,24,265228,265653,3.19548872180451,5,0
3,25,267623,268063,3.30827067669173,5,0
3,26,269955,270382,3.21052631578947,5,0
3,27,272115,272563,3.36842105263158,5,0
3,28,274261,274690,3.22556390977444,5,0
3,29,276465,276899,3.26315789473684,5,0
3,30,278682,279120,3.29323308270677,5,0
3,31,280976,281404,3.21804511278195,5,0
3,32,283038,283465,3.21052631578947,5,0
3,33,285275,285704,3.22556390977444,5,0
3,34,287455,287891,3.2781954887218,5,0
1,0,2177,2679,3.77443609022556,4,0
1,1,4838,5388,4.13533834586466,4,0
1,2,7431,8007,4.33082706766917,4,0
1,3,10106,10544,3.29323308270677,4,0
1,4,12877,13357,3.60902255639098,4,0
1,5,15860,16375,3.87218045112782,4,0
1,6,18303,18848,4.09774436090226,4,0
1,7,20548,21011,3.4812030075188,4,0
1,9,26244,26765,3.91729323308271,4,0
1,10,28808,29317,3.82706766917293,4,0
1,11,31367,31842,3.57142857142857,4,0
1,12,33576,34008,3.24812030075188,4,0
1,13,36143,36615,3.54887218045113,4,0
1,14,38359,38836,3.58646616541353,4,0
1,16,44472,44900,3.21804511278195,4,0
1,17,46806,47291,3.64661654135338,4,0
1,18,49106,49694,4.42105263157895,4,0
1,19,51591,52018,3.21052631578947,4,0
1,21,NaN,60383,NaN,4,0
1,22,62384,62813,3.22556390977444,4,0
1,23,64468,64943,3.57142857142857,4,0
1,24,66727,67172,3.34586466165414,4,0
1,25,NaN,69560,NaN,4,0
1,26,71329,71835,3.80451127819549,4,0
1,27,73776,74252,3.57894736842105,4,0
1,28,76178,76610,3.24812030075188,4,0
1,30,83356,83894,4.04511278195489,4,0
1,31,85633,86074,3.31578947368421,4,0
1,32,87991,88675,5.14285714285714,4,0
1,33,90606,91137,3.99248120300752,4,0
1,34,96529,96988,3.45112781954887,4,0
2,0,108035,108469,3.26315789473684,4,0
2,2,113165,113663,3.74436090225564,4,0
2,3,115343,115833,3.68421052631579,4,0
2,4,117543,118239,5.23308270676692,4,0
2,5,119956,120471,3.87218045112782,4,1
2,6,NaN,122981,NaN,4,0
2,7,124679,125199,3.90977443609023,4,0
2,8,126916,127406,3.68421052631579,4,1
2,9,NaN,131692,NaN,4,0
2,10,133448,134007,4.20300751879699,4,0
2,11,135852,136370,3.89473684210526,4,0
2,12,138354,138829,3.57142857142857,4,0
2,13,140488,140976,3.66917293233083,4,0
2,14,142646,143146,3.7593984962406,4,0
2,15,144934,145454,3.90977443609023,4,1
2,16,NaN,147908,NaN,4,0
2,17,149662,150147,3.64661654135338,4,0
2,18,151840,152370,3.98496240601504,4,0
2,19,154203,154681,3.59398496240602,4,0
2,20,156506,157003,3.73684210526316,4,0
2,21,158766,159268,3.77443609022556,4,0
2,23,168775,169264,3.67669172932331,4,0
2,24,170954,171442,3.66917293233083,4,0
2,25,173758,174208,3.38345864661654,4,0
2,26,175906,176430,3.93984962406015,4,0
2,27,178209,178723,3.86466165413534,4,0
2,28,180574,181092,3.89473684210526,4,1
2,29,NaN,183560,NaN,4,0
2,30,185301,185759,3.44360902255639,4,0
2,31,188763,189250,3.66165413533835,4,0
2,32,191045,191546,3.76691729323308,4,0
2,33,193290,193799,3.82706766917293,4,0
2,34,195488,195979,3.69172932330827,4,0
3,0,206073,206528,3.42105263157895,4,0
3,1,208348,208815,3.51127819548872,4,0
3,2,210523,210957,3.26315789473684,4,0
3,3,212791,213221,3.23308270676692,4,0
3,4,214926,215451,3.94736842105263,4,0
3,5,217141,217589,3.36842105263158,4,0
3,6,219349,219794,3.34586466165414,4,0
3,7,221485,221919,3.26315789473684,4,0
3,8,223689,224123,3.26315789473684,4,0
3,9,225888,226322,3.26315789473684,4,0
3,10,228089,228516,3.21052631578947,4,0
3,11,230407,230925,3.89473684210526,4,0
3,12,232736,233251,3.87218045112782,4,0
3,13,234922,235368,3.35338345864662,4,0
3,14,237137,237590,3.40601503759398,4,0
3,15,239805,240239,3.26315789473684,4,0
3,16,242517,242948,3.2406015037594,4,0
3,17,244636,245068,3.24812030075188,4,0
3,18,247190,247627,3.28571428571429,4,0
3,19,249399,249840,3.31578947368421,4,0
3,20,251664,252093,3.22556390977444,4,0
3,21,254298,254823,3.94736842105263,4,0
3,23,259334,259783,3.37593984962406,4,0
3,24,261587,262026,3.30075187969925,4,1
3,25,264223,264656,3.25563909774436,4,0
3,26,266541,266972,3.2406015037594,4,0
3,28,272924,273357,3.25563909774436,4,0
3,29,275481,275911,3.23308270676692,4,0
3,30,279236,279669,3.25563909774436,4,0
3,31,281812,282294,3.62406015037594,4,0
3,32,284069,284596,3.96240601503759,4,0
3,33,286498,286971,3.55639097744361,4,0
3,34,288725,289157,3.24812030075188,4,0
1,1,6591,7116,3.94736842105263,3,0
1,2,9287,10052,5.75187969924812,3,0
1,3,11969,12664,5.22556390977444,3,0
1,4,14672,15375,5.28571428571429,3,0
1,5,17247,17906,4.95488721804511,3,0
1,6,20244,20701,3.43609022556391,3,0
1,7,22806,23262,3.42857142857143,3,0
1,8,25030,25796,5.7593984962406,3,0
1,9,27675,28146,3.54135338345865,3,0
1,10,29818,30352,4.01503759398496,3,0
1,11,32653,33138,3.64661654135338,3,0
1,12,34838,35267,3.22556390977444,3,0
1,13,37598,38076,3.59398496240602,3,0
1,15,NaN,50227,NaN,3,0
1,16,53090,53559,3.52631578947368,3,0
1,17,56339,56922,4.38345864661654,3,0
1,18,58685,59235,4.13533834586466,3,0
1,19,61748,62338,4.43609022556391,3,0
1,20,67211,67836,4.69924812030075,3,0
1,21,70441,71080,4.80451127819549,3,0
1,22,NaN,74045,NaN,3,0
1,23,76885,77486,4.5187969924812,3,0
1,24,87431,87946,3.87218045112782,3,0
1,26,NaN,95595,NaN,3,0
1,27,97259,97804,4.09774436090226,3,0
1,28,99817,100356,4.05263157894737,3,0
1,29,102343,102809,3.50375939849624,3,0
1,30,NaN,111753,NaN,3,0
1,31,113705,114245,4.06015037593985,3,0
1,32,115997,116555,4.19548872180451,3,0
1,33,118601,119122,3.91729323308271,3,0
1,34,121110,121652,4.07518796992481,3,1
2,0,130864,131392,3.96992481203007,3,0
2,1,133142,133595,3.40601503759398,3,0
2,2,135546,136046,3.7593984962406,3,0
2,3,137956,138448,3.69924812030075,3,0
2,4,140650,141116,3.50375939849624,3,0
2,5,142914,143338,3.18796992481203,3,0
2,6,145213,145681,3.5187969924812,3,0
2,7,147694,148154,3.45864661654135,3,0
2,8,150877,151322,3.34586466165414,3,0
2,9,153512,153970,3.44360902255639,3,0
2,10,157306,157760,3.41353383458647,3,0
2,12,164604,165075,3.54135338345865,3,0
2,13,166984,167525,4.06766917293233,3,0
2,14,170324,170891,4.26315789473684,3,0
2,15,172679,173123,3.33834586466165,3,0
2,16,175454,175893,3.30075187969925,3,0
2,17,177931,178410,3.6015037593985,3,0
2,18,180652,181086,3.26315789473684,3,0
2,19,182870,183305,3.27067669172932,3,0
2,20,185540,186004,3.48872180451128,3,0
2,21,188079,188557,3.59398496240602,3,0
2,22,190546,191062,3.8796992481203,3,0
2,23,193184,193840,4.93233082706767,3,0
2,24,200714,201143,3.22556390977444,3,0
2,25,203055,203810,5.67669172932331,3,0
2,26,205629,206088,3.45112781954887,3,0
2,27,207799,208261,3.47368421052632,3,0
2,28,210269,211051,5.8796992481203,3,0
2,29,212760,213240,3.60902255639098,3,0
2,30,215239,215669,3.23308270676692,3,0
2,31,217557,218000,3.33082706766917,3,0
2,32,219915,220456,4.06766917293233,3,0
2,33,222106,222558,3.3984962406015,3,0
2,34,224432,225156,5.44360902255639,3,0
3,0,232432,232879,3.3609022556391,3,0
3,1,234765,235234,3.52631578947368,3,0
3,2,237170,237636,3.50375939849624,3,0
3,3,239473,239899,3.20300751879699,3,0
3,4,241987,242514,3.96240601503759,3,0
3,5,244227,244704,3.58646616541353,3,0
3,6,246359,246800,3.31578947368421,3,0
3,7,248804,249228,3.18796992481203,3,0
3,8,251162,251646,3.6390977443609,3,0
3,9,253340,253784,3.33834586466165,3,0
3,10,255527,255989,3.47368421052632,3,0
3,11,258004,258433,3.22556390977444,3,0
3,12,261041,261474,3.25563909774436,3,0
3,13,263236,263667,3.2406015037594,3,0
3,14,265589,266020,3.2406015037594,3,0
3,15,267861,268292,3.2406015037594,3,0
3,16,270092,270527,3.27067669172932,3,0
3,17,272216,273006,5.93984962406015,3,0
3,18,275132,275558,3.20300751879699,3,0
3,19,277349,277771,3.17293233082707,3,0
3,20,281289,281892,4.53383458646617,3,0
3,21,285150,285581,3.2406015037594,3,0
3,22,287390,287877,3.66165413533835,3,0
3,23,289661,290293,4.75187969924812,3,0
3,24,292087,292528,3.31578947368421,3,0
3,26,NaN,298230,NaN,3,0
3,28,302727,303153,3.20300751879699,3,0
3,29,305231,305722,3.69172932330827,3,0
3,30,307511,308016,3.79699248120301,3,0
3,31,309976,310405,3.22556390977444,3,0
3,32,312057,312480,3.18045112781955,3,0
3,33,314372,314811,3.30075187969925,3,0
3,34,316559,317075,3.8796992481203,3,0
1,0,2626,3233,4.56390977443609,2,0
1,1,7041,7632,4.44360902255639,2,0
1,2,10909,11601,5.20300751879699,2,0
1,3,14390,14978,4.42105263157895,2,1
1,4,17313,17973,4.96240601503759,2,0
1,5,20286,20924,4.79699248120301,2,0
1,6,22703,23317,4.61654135338346,2,0
1,7,25155,25697,4.07518796992481,2,0
1,8,28749,29488,5.55639097744361,2,1
1,9,34974,35619,4.84962406015038,2,0
1,10,37913,38513,4.51127819548872,2,0
1,11,41493,42085,4.45112781954887,2,0
1,12,44222,44739,3.88721804511278,2,0
1,13,46593,47113,3.90977443609023,2,0
1,14,50049,50586,4.03759398496241,2,0
1,15,52267,52781,3.86466165413534,2,0
1,16,57586,58090,3.78947368421053,2,0
1,17,59761,60239,3.59398496240602,2,0
1,18,62377,62813,3.2781954887218,2,0
1,19,64853,65379,3.95488721804511,2,0
1,20,67379,67822,3.33082706766917,2,0
1,21,70293,70742,3.37593984962406,2,0
1,22,74348,74816,3.5187969924812,2,0
1,23,77052,77681,4.72932330827068,2,1
1,24,79462,79926,3.48872180451128,2,0
1,25,82175,82668,3.70676691729323,2,0
1,26,NaN,85327,NaN,2,1
1,27,87047,87491,3.33834586466165,2,0
1,28,89634,90199,4.24812030075188,2,0
1,29,92342,92872,3.98496240601504,2,1
1,30,94662,95266,4.54135338345865,2,0
1,31,102873,103406,4.00751879699248,2,0
1,32,105645,106105,3.45864661654135,2,0
1,33,107947,108391,3.33834586466165,2,0
1,34,110360,110864,3.78947368421053,2,0
2,0,114998,115453,3.42105263157895,2,0
2,1,117483,118031,4.1203007518797,2,1
2,2,119700,120137,3.28571428571429,2,0
2,3,122258,122768,3.83458646616541,2,0
2,4,124885,125325,3.30827067669173,2,0
2,5,127124,127615,3.69172932330827,2,0
2,6,133402,133855,3.40601503759398,2,0
2,7,135919,136355,3.2781954887218,2,0
2,8,138140,138595,3.42105263157895,2,0
2,9,140293,140731,3.29323308270677,2,0
2,10,142770,143220,3.38345864661654,2,0
2,11,145450,145948,3.74436090225564,2,0
2,12,147699,148131,3.24812030075188,2,0
2,13,149894,150342,3.36842105263158,2,0
2,14,152114,152563,3.37593984962406,2,0
2,15,154439,154871,3.24812030075188,2,0
2,16,156623,157069,3.35338345864662,2,0
2,17,158966,159397,3.2406015037594,2,0
2,18,161097,161534,3.28571428571429,2,0
2,19,165809,166238,3.22556390977444,2,0
2,20,168097,168528,3.2406015037594,2,0
2,21,170691,171125,3.26315789473684,2,0
2,22,173441,173939,3.74436090225564,2,0
2,23,177701,178175,3.56390977443609,2,0
2,25,190800,191229,3.22556390977444,2,0
2,26,194758,195332,4.31578947368421,2,0
2,27,197045,197665,4.66165413533835,2,0
2,28,199525,200278,5.66165413533835,2,1
2,29,204951,205499,4.1203007518797,2,0
2,30,207525,207976,3.39097744360902,2,0
2,31,209775,210211,3.2781954887218,2,0
2,32,211995,212467,3.54887218045113,2,0
2,33,214230,214741,3.84210526315789,2,0
2,34,216368,217109,5.57142857142857,2,0
3,0,221725,222178,3.40601503759398,2,0
3,1,224119,224547,3.21804511278195,2,0
3,2,226252,226681,3.22556390977444,2,0
3,3,228475,228899,3.18796992481203,2,0
3,4,230598,231028,3.23308270676692,2,0
3,5,232797,233251,3.41353383458647,2,0
3,6,235010,235440,3.23308270676692,2,0
3,9,243133,243587,3.41353383458647,2,0
3,10,245451,245884,3.25563909774436,2,0
3,11,247613,248040,3.21052631578947,2,0
3,14,261574,262029,3.42105263157895,2,0
3,15,264764,265193,3.22556390977444,2,0
3,16,266903,267325,3.17293233082707,2,0
3,17,268938,269368,3.23308270676692,2,0
3,18,271197,271661,3.48872180451128,2,0
3,19,273887,274358,3.54135338345865,2,0
3,20,276165,276587,3.17293233082707,2,0
3,21,278216,278645,3.22556390977444,2,0
3,22,280941,281369,3.21804511278195,2,0
3,23,283371,283804,3.25563909774436,2,0
3,24,289279,289706,3.21052631578947,2,0
3,25,291623,292052,3.22556390977444,2,0
3,26,293840,294269,3.22556390977444,2,0
3,27,295993,296437,3.33834586466165,2,0
3,28,298099,298533,3.26315789473684,2,0
3,29,300727,301161,3.26315789473684,2,0
3,30,303538,303968,3.23308270676692,2,1
3,31,305761,306191,3.23308270676692,2,0
3,32,307935,308418,3.63157894736842,2,0
3,33,314663,315092,3.22556390977444,2,0
3,34,317129,317567,3.29323308270677,2,0
1,0,3575,4066,3.69172932330827,1,0
1,1,5983,6460,3.58646616541353,1,0
1,2,9971,10420,3.37593984962406,1,0
1,3,12405,12976,4.29323308270677,1,0
1,4,15409,16008,4.50375939849624,1,0
1,5,18291,18750,3.45112781954887,1,0
1,6,20819,21300,3.61654135338346,1,0
1,7,23661,24106,3.34586466165414,1,0
1,8,26116,26540,3.18796992481203,1,0
1,10,NaN,35205,NaN,1,0
1,11,37501,37968,3.51127819548872,1,0
1,12,40430,40927,3.73684210526316,1,0
1,13,43359,43811,3.3984962406015,1,0
1,14,45878,46302,3.18796992481203,1,0
1,15,48080,48520,3.30827067669173,1,0
1,16,50899,51336,3.28571428571429,1,1
1,17,NaN,53925,NaN,1,0
1,18,58403,58859,3.42857142857143,1,0
1,19,61724,62155,3.2406015037594,1,0
1,20,64366,64805,3.30075187969925,1,0
1,21,66675,67106,3.2406015037594,1,0
1,22,69897,70343,3.35338345864662,1,0
1,23,72445,72882,3.28571428571429,1,0
1,24,82204,82712,3.81954887218045,1,0
1,25,84576,85033,3.43609022556391,1,0
1,26,87238,87708,3.53383458646617,1,1
1,27,NaN,91866,NaN,1,0
1,28,94226,94662,3.2781954887218,1,0
1,29,96364,96808,3.33834586466165,1,0
1,30,98503,98990,3.66165413533835,1,0
1,31,100713,101156,3.33082706766917,1,0
1,32,102893,103359,3.50375939849624,1,1
1,33,NaN,105785,NaN,1,0
1,34,108097,108541,3.33834586466165,1,1
2,0,117566,117995,3.22556390977444,1,0
2,1,121280,121729,3.37593984962406,1,1
2,2,NaN,123849,NaN,1,0
2,3,126178,126609,3.2406015037594,1,0
2,4,128375,128816,3.31578947368421,1,0
2,5,130828,131263,3.27067669172932,1,0
2,6,133132,133561,3.22556390977444,1,0
2,7,135372,135806,3.26315789473684,1,0
2,8,137464,137890,3.20300751879699,1,0
2,9,140893,141327,3.26315789473684,1,0
2,10,143113,143544,3.2406015037594,1,0
2,11,145369,145806,3.28571428571429,1,0
2,12,147590,148024,3.26315789473684,1,0
2,13,150787,151214,3.21052631578947,1,0
2,14,153115,153550,3.27067669172932,1,0
2,15,156017,156450,3.25563909774436,1,0
2,16,158639,159073,3.26315789473684,1,0
2,17,161268,161698,3.23308270676692,1,0
2,18,163504,163941,3.28571428571429,1,0
2,19,165717,166151,3.26315789473684,1,0
2,20,168160,168589,3.22556390977444,1,0
2,21,171004,171467,3.4812030075188,1,1
2,22,NaN,175360,NaN,1,0
2,23,177591,178019,3.21804511278195,1,0
2,24,180576,181002,3.20300751879699,1,0
2,25,182777,183210,3.25563909774436,1,0
2,26,185078,185517,3.30075187969925,1,0
2,27,188200,188631,3.2406015037594,1,0
2,28,190747,191191,3.33834586466165,1,0
2,29,193601,194030,3.22556390977444,1,0
2,30,196128,196560,3.24812030075188,1,0
2,31,198614,199044,3.23308270676692,1,0
2,32,201861,202294,3.25563909774436,1,0
2,33,204403,204838,3.27067669172932,1,0
2,34,206794,207231,3.28571428571429,1,0
3,0,211640,212083,3.33082706766917,1,0
3,1,213708,214154,3.35338345864662,1,0
3,2,216757,217197,3.30827067669173,1,0
3,3,219004,219437,3.25563909774436,1,0
3,4,NaN,221905,NaN,1,0
3,5,223663,224113,3.38345864661654,1,0
3,6,226248,226680,3.24812030075188,1,0
3,7,228844,229274,3.23308270676692,1,0
3,8,231863,232301,3.29323308270677,1,0
3,9,233969,234396,3.21052631578947,1,0
3,10,NaN,237286,NaN,1,0
3,11,239766,240214,3.36842105263158,1,0
3,12,242636,243063,3.21052631578947,1,0
3,13,244778,245215,3.28571428571429,1,0
3,14,248309,248738,3.22556390977444,1,0
3,15,NaN,254199,NaN,1,0
3,16,256268,256699,3.2406015037594,1,0
3,17,258475,258911,3.2781954887218,1,0
3,18,260855,261288,3.25563909774436,1,0
3,19,263777,264201,3.18796992481203,1,0
3,20,266172,266618,3.35338345864662,1,0
3,21,268367,268807,3.30827067669173,1,0
3,22,270601,271035,3.26315789473684,1,0
3,23,273032,273463,3.2406015037594,1,0
3,24,275462,275909,3.3609022556391,1,0
3,25,278125,278562,3.28571428571429,1,0
3,26,280740,281169,3.22556390977444,1,0
3,27,283687,284122,3.27067669172932,1,0
3,28,286330,286762,3.24812030075188,1,0
3,29,288811,289245,3.26315789473684,1,0
3,30,291012,291442,3.23308270676692,1,0
3,31,293057,293488,3.2406015037594,1,0
3,32,295267,295706,3.30075187969925,1,0
3,33,297373,297810,3.28571428571429,1,0
3,34,300058,300498,3.30827067669173,1,0
